"Date","Station","SampleID","Samplenum","Date_year","Month","Days","Fraction","Photonum","pH","Type","Arrival","Departure","Sky","StationDepth","Secchi","Temp","Turbidity","LogPhyco","LogChla","LogParMC","ParMC","DissMC","Phycocyanin","Chla","DOC","SRP","TP","TDP","POC","PON","PP","N.P","Nitrate","Ammonia","SortChem","H2O2","Intensive","Shore","NoaaStation","CDOM"
"5/27","nearshore2","E0004_100LTR","E0004","5/27/14","May",0,"100LTR","E140012",8.33,"no-amp","12:47","12:50","partly sunny",4.9,0.9,21.4,5.44,1.655351829,6.070389328,NA,0,NA,3.15,67.2,5.9065,0.93,58.6,12.1,2.55,0.5,46.53,10.74,1903.5,3.55,"E2014_0004",202.5155118,"n","nearshore","WE2",NA
"5/27","nearshore2","E0004_CNA","E0004","5/27/14","May",0,"CNA","E140012",8.33,"sample","12:47","12:50","partly sunny",4.9,0.9,21.4,5.44,1.655351829,6.070389328,NA,0,NA,3.15,67.2,5.9065,0.93,58.6,12.1,2.55,0.5,46.53,10.74,1903.5,3.55,"E2014_0004",202.5155118,"n","nearshore","WE2",NA
"5/27","nearshore2","E0004_22NA","E0004","5/27/14","May",0,"22NA","E140012",8.33,"sample","12:47","12:50","partly sunny",4.9,0.9,21.4,5.44,1.655351829,6.070389328,NA,0,NA,3.15,67.2,5.9065,0.93,58.6,12.1,2.55,0.5,46.53,10.74,1903.5,3.55,"E2014_0004",202.5155118,"n","nearshore","WE2",NA
"5/27","nearshore2","E0004_3NA","E0004","5/27/14","May",0,"3NA","E140012",8.33,"sample","12:47","12:50","partly sunny",4.9,0.9,21.4,5.44,1.655351829,6.070389328,NA,0,NA,3.15,67.2,5.9065,0.93,58.6,12.1,2.55,0.5,46.53,10.74,1903.5,3.55,"E2014_0004",202.5155118,"n","nearshore","WE2",NA
"5/27","nearshore2","E0004_53LTR","E0004","5/27/14","May",0,"53LTR","E140012",8.33,"sample","12:47","12:50","partly sunny",4.9,0.9,21.4,5.44,1.655351829,6.070389328,NA,0,NA,3.15,67.2,5.9065,0.93,58.6,12.1,2.55,0.5,46.53,10.74,1903.5,3.55,"E2014_0004",202.5155118,"n","nearshore","WE2",NA
"5/27","offshore","E0005_100LTR","E0005","5/27/14","May",0,"100LTR","E140013",8.09,"sample","12:14","12:17","partly sunny",8.1,2,19.4,1.3,-2.943416472,2.503348735,NA,0,NA,0.13,5.67,3.281,0.43,10.9,3.9,0.62,0.1,6.99,13.87,304.5,3.09,"E2014_0005",229.6486167,"n","offshore","WE4",NA
"5/27","offshore","E0005_22NA","E0005","5/27/14","May",0,"22NA","E140013",8.09,"sample","12:14","12:17","partly sunny",8.1,2,19.4,1.3,-2.943416472,2.503348735,NA,0,NA,0.13,5.67,3.281,0.43,10.9,3.9,0.62,0.1,6.99,13.87,304.5,3.09,"E2014_0005",229.6486167,"n","offshore","WE4",NA
"5/27","offshore","E0005_3NA","E0005","5/27/14","May",0,"3NA","E140013",8.09,"sample","12:14","12:17","partly sunny",8.1,2,19.4,1.3,-2.943416472,2.503348735,NA,0,NA,0.13,5.67,3.281,0.43,10.9,3.9,0.62,0.1,6.99,13.87,304.5,3.09,"E2014_0005",229.6486167,"n","offshore","WE4",NA
"5/27","offshore","E0005_53LTR","E0005","5/27/14","May",0,"53LTR","E140013",8.09,"sample","12:14","12:17","partly sunny",8.1,2,19.4,1.3,-2.943416472,2.503348735,NA,0,NA,0.13,5.67,3.281,0.43,10.9,3.9,0.62,0.1,6.99,13.87,304.5,3.09,"E2014_0005",229.6486167,"n","offshore","WE4",NA
"5/27","offshore","E0005_CNA","E0005","5/27/14","May",0,"CNA","E140013",8.09,"sample","12:14","12:17","partly sunny",8.1,2,19.4,1.3,-2.943416472,2.503348735,NA,0,NA,0.13,5.67,3.281,0.43,10.9,3.9,0.62,0.1,6.99,13.87,304.5,3.09,"E2014_0005",229.6486167,"n","offshore","WE4",NA
"6/10","offshore","E0008_53LTR","E0008","6/10/14","June",14,"53LTR","E140016/152",8.22,"sample","","","",NA,NA,NA,NA,NA,NA,NA,NA,NA,NA,NA,NA,NA,NA,NA,NA,NA,NA,NA,NA,NA,NA,NA,NA,"offshore","WE4",NA
"6/10","offshore","E0008_CNA","E0008","6/10/14","June",14,"CNA","E140016/152",8.22,"sample","","","",NA,NA,NA,NA,NA,NA,NA,NA,NA,NA,NA,NA,NA,NA,NA,NA,NA,NA,NA,NA,NA,NA,NA,NA,"offshore","WE4",NA
"6/10","offshore","E0008_100LTR","E0008","6/10/14","June",14,"100LTR","E140016/152",8.22,"sample","","","",NA,NA,NA,NA,NA,NA,NA,NA,NA,NA,NA,NA,NA,NA,NA,NA,NA,NA,NA,NA,NA,NA,NA,NA,"offshore","WE4",NA
"6/10","offshore","E0008_22NA","E0008","6/10/14","June",14,"22NA","E140016/152",8.22,"sample","","","",NA,NA,NA,NA,NA,NA,NA,NA,NA,NA,NA,NA,NA,NA,NA,NA,NA,NA,NA,NA,NA,NA,NA,NA,"offshore","WE4",NA
"6/10","offshore","E0008_3NA","E0008","6/10/14","June",14,"3NA","E140016/152",8.22,"sample","","","",NA,NA,NA,NA,NA,NA,NA,NA,NA,NA,NA,NA,NA,NA,NA,NA,NA,NA,NA,NA,NA,NA,NA,NA,"offshore","WE4",NA
"6/10","nearshore2","E0009_22NA","E0009","6/10/14","June",14,"22NA","E140017",8.12,"sample","","","",NA,NA,NA,NA,NA,NA,NA,NA,NA,NA,NA,NA,NA,NA,NA,NA,NA,NA,NA,NA,NA,NA,NA,NA,"nearshore","WE2",NA
"6/10","nearshore2","E0009_3NA","E0009","6/10/14","June",14,"3NA","E140017",8.12,"sample","","","",NA,NA,NA,NA,NA,NA,NA,NA,NA,NA,NA,NA,NA,NA,NA,NA,NA,NA,NA,NA,NA,NA,NA,NA,"nearshore","WE2",NA
"6/10","nearshore2","E0009_CNA","E0009","6/10/14","June",14,"CNA","E140017",8.12,"sample","","","",NA,NA,NA,NA,NA,NA,NA,NA,NA,NA,NA,NA,NA,NA,NA,NA,NA,NA,NA,NA,NA,NA,NA,NA,"nearshore","WE2",NA
"6/16","nearshore2","E0010_100LTR","E0010","6/16/14","June",20,"100LTR","E140018",8.08,"sample","10:35","10:57","sunny",5.1,0.9,22.4,10.1,-1.689659879,3.422233001,NA,0,NA,0.31,10.72,3.26025,4.16,36.1,12.3,0.68,0.15,23.84,6.15,482.5,3.51,"E2014_0010",217.121296,"n","nearshore","WE2",4.212387717
"6/16","nearshore2","E0010_22NA","E0010","6/16/14","June",20,"22NA","E140018",8.08,"sample","10:35","10:57","sunny",5.1,0.9,22.4,10.1,-1.689659879,3.422233001,NA,0,NA,0.31,10.72,3.26025,4.16,36.1,12.3,0.68,0.15,23.84,6.15,482.5,3.51,"E2014_0010",217.121296,"n","nearshore","WE2",4.212387717
"6/16","nearshore2","E0010_3NA","E0010","6/16/14","June",20,"3NA","E140018",8.08,"sample","10:35","10:57","sunny",5.1,0.9,22.4,10.1,-1.689659879,3.422233001,NA,0,NA,0.31,10.72,3.26025,4.16,36.1,12.3,0.68,0.15,23.84,6.15,482.5,3.51,"E2014_0010",217.121296,"n","nearshore","WE2",4.212387717
"6/16","nearshore2","E0010_53LTR","E0010","6/16/14","June",20,"53LTR","E140018",8.08,"sample","10:35","10:57","sunny",5.1,0.9,22.4,10.1,-1.689659879,3.422233001,NA,0,NA,0.31,10.72,3.26025,4.16,36.1,12.3,0.68,0.15,23.84,6.15,482.5,3.51,"E2014_0010",217.121296,"n","nearshore","WE2",4.212387717
"6/16","nearshore2","E0010_CNA","E0010","6/16/14","June",20,"CNA","E140018",8.08,"sample","10:35","10:57","sunny",5.1,0.9,22.4,10.1,-1.689659879,3.422233001,NA,0,NA,0.31,10.72,3.26025,4.16,36.1,12.3,0.68,0.15,23.84,6.15,482.5,3.51,"E2014_0010",217.121296,"n","nearshore","WE2",4.212387717
"6/16","nearshore1","E0012_100LTR","E0012","6/16/14","June",20,"100LTR","E140020",8.39,"sample","12:12","12:27","mostly cloudy",6.1,0.9,23.3,11.9,0.084064265,5.103077947,NA,0,NA,1.06,34.37,3.403,1.11,56.8,10.5,1.72,0.32,46.22,6.89,545,2.14,"E2014_0012",180.3269431,"n","nearshore","WE12",4.252437682
"6/16","nearshore1","E0012_22NA","E0012","6/16/14","June",20,"22NA","E140020",8.39,"sample","12:12","12:27","mostly cloudy",6.1,0.9,23.3,11.9,0.084064265,5.103077947,NA,0,NA,1.06,34.37,3.403,1.11,56.8,10.5,1.72,0.32,46.22,6.89,545,2.14,"E2014_0012",180.3269431,"n","nearshore","WE12",4.252437682
"6/16","nearshore1","E0012_3NA","E0012","6/16/14","June",20,"3NA","E140020",8.39,"sample","12:12","12:27","mostly cloudy",6.1,0.9,23.3,11.9,0.084064265,5.103077947,NA,0,NA,1.06,34.37,3.403,1.11,56.8,10.5,1.72,0.32,46.22,6.89,545,2.14,"E2014_0012",180.3269431,"n","nearshore","WE12",4.252437682
"6/16","nearshore1","E0012_53LTR","E0012","6/16/14","June",20,"53LTR","E140020",8.39,"sample","12:12","12:27","mostly cloudy",6.1,0.9,23.3,11.9,0.084064265,5.103077947,NA,0,NA,1.06,34.37,3.403,1.11,56.8,10.5,1.72,0.32,46.22,6.89,545,2.14,"E2014_0012",180.3269431,"n","nearshore","WE12",4.252437682
"6/16","nearshore1","E0012_CNA","E0012","6/16/14","June",20,"CNA","E140020",8.39,"sample","12:12","12:27","mostly cloudy",6.1,0.9,23.3,11.9,0.084064265,5.103077947,NA,0,NA,1.06,34.37,3.403,1.11,56.8,10.5,1.72,0.32,46.22,6.89,545,2.14,"E2014_0012",180.3269431,"n","nearshore","WE12",4.252437682
"6/16","offshore","E0014_100LTR","E0014","6/16/14","June",20,"100LTR","E140022",8.308,"sample","13:30","13:49","sunny",8.5,4,22.5,1.34,-1.184424571,3.615887074,NA,0,NA,0.44,12.26,3.24075,0.24,19.7,4.4,0.84,0.13,15.31,8.31,475,10.41,"E2014_0014",224.5437696,"n","offshore","WE4",3.523809938
"6/16","offshore","E0014_22NA","E0014","6/16/14","June",20,"22NA","E140022",8.308,"sample","13:30","13:49","sunny",8.5,4,22.5,1.34,-1.184424571,3.615887074,NA,0,NA,0.44,12.26,3.24075,0.24,19.7,4.4,0.84,0.13,15.31,8.31,475,10.41,"E2014_0014",224.5437696,"n","offshore","WE4",3.523809938
"6/16","offshore","E0014_3NA","E0014","6/16/14","June",20,"3NA","E140022",8.308,"sample","13:30","13:49","sunny",8.5,4,22.5,1.34,-1.184424571,3.615887074,NA,0,NA,0.44,12.26,3.24075,0.24,19.7,4.4,0.84,0.13,15.31,8.31,475,10.41,"E2014_0014",224.5437696,"n","offshore","WE4",3.523809938
"6/16","offshore","E0014_53LTR","E0014","6/16/14","June",20,"53LTR","E140022",8.308,"sample","13:30","13:49","sunny",8.5,4,22.5,1.34,-1.184424571,3.615887074,NA,0,NA,0.44,12.26,3.24075,0.24,19.7,4.4,0.84,0.13,15.31,8.31,475,10.41,"E2014_0014",224.5437696,"n","offshore","WE4",3.523809938
"6/16","offshore","E0014_CNA","E0014","6/16/14","June",20,"CNA","E140022",8.308,"sample","13:30","13:49","sunny",8.5,4,22.5,1.34,-1.184424571,3.615887074,NA,0,NA,0.44,12.26,3.24075,0.24,19.7,4.4,0.84,0.13,15.31,8.31,475,10.41,"E2014_0014",224.5437696,"n","offshore","WE4",3.523809938
"6/30","nearshore2","E0016_100LTR","E0016","6/30/14","June",34,"100LTR","E140024/153",8.647,"sample","10:12","10:38","mostly cloudy",4.9,1.3,24.7,4.81,0.757023247,4.317593505,NA,0,NA,1.69,19.94,3.84425,0.65,26.3,6.7,0.96,0.15,19.69,7.63,472,8.64,"E2014_0016",NA,"n","nearshore","WE2",3.454659764
"6/30","nearshore2","E0016_22NA","E0016","6/30/14","June",34,"22NA","E140024/153",8.647,"sample","10:12","10:38","mostly cloudy",4.9,1.3,24.7,4.81,0.757023247,4.317593505,NA,0,NA,1.69,19.94,3.84425,0.65,26.3,6.7,0.96,0.15,19.69,7.63,472,8.64,"E2014_0016",NA,"n","nearshore","WE2",3.454659764
"6/30","nearshore2","E0016_3NA","E0016","6/30/14","June",34,"3NA","E140024/153",8.647,"sample","10:12","10:38","mostly cloudy",4.9,1.3,24.7,4.81,0.757023247,4.317593505,NA,0,NA,1.69,19.94,3.84425,0.65,26.3,6.7,0.96,0.15,19.69,7.63,472,8.64,"E2014_0016",NA,"n","nearshore","WE2",3.454659764
"6/30","nearshore2","E0016_53LTR","E0016","6/30/14","June",34,"53LTR","E140024/153",8.647,"sample","10:12","10:38","mostly cloudy",4.9,1.3,24.7,4.81,0.757023247,4.317593505,NA,0,NA,1.69,19.94,3.84425,0.65,26.3,6.7,0.96,0.15,19.69,7.63,472,8.64,"E2014_0016",NA,"n","nearshore","WE2",3.454659764
"6/30","nearshore2","E0016_CNA","E0016","6/30/14","June",34,"CNA","E140024/153",8.647,"sample","10:12","10:38","mostly cloudy",4.9,1.3,24.7,4.81,0.757023247,4.317593505,NA,0,NA,1.69,19.94,3.84425,0.65,26.3,6.7,0.96,0.15,19.69,7.63,472,8.64,"E2014_0016",NA,"n","nearshore","WE2",3.454659764
"6/30","nearshore1","E0018_100LTR","E0018","6/30/14","June",34,"100LTR","E140026",8.435,"sample","11:38","11:54","mostly cloudy",6,1.4,24.5,4.01,-0.666576266,2.97819563,NA,0,NA,0.63,7.88,3.0216,0.17,19.4,4.6,0.59,0.12,14.83,7.92,444.5,16.18,"E2014_0018",NA,"n","nearshore","WE12",4.595779414
"6/30","nearshore1","E0018_22NA","E0018","6/30/14","June",34,"22NA","E140026",8.435,"sample","11:38","11:54","mostly cloudy",6,1.4,24.5,4.01,-0.666576266,2.97819563,NA,0,NA,0.63,7.88,3.0216,0.17,19.4,4.6,0.59,0.12,14.83,7.92,444.5,16.18,"E2014_0018",NA,"n","nearshore","WE12",4.595779414
"6/30","nearshore1","E0018_3NA","E0018","6/30/14","June",34,"3NA","E140026",8.435,"sample","11:38","11:54","mostly cloudy",6,1.4,24.5,4.01,-0.666576266,2.97819563,NA,0,NA,0.63,7.88,3.0216,0.17,19.4,4.6,0.59,0.12,14.83,7.92,444.5,16.18,"E2014_0018",NA,"n","nearshore","WE12",4.595779414
"6/30","nearshore1","E0018_53LTR","E0018","6/30/14","June",34,"53LTR","E140026",8.435,"sample","11:38","11:54","mostly cloudy",6,1.4,24.5,4.01,-0.666576266,2.97819563,NA,0,NA,0.63,7.88,3.0216,0.17,19.4,4.6,0.59,0.12,14.83,7.92,444.5,16.18,"E2014_0018",NA,"n","nearshore","WE12",4.595779414
"6/30","nearshore1","E0018_CNA","E0018","6/30/14","June",34,"CNA","E140026",8.435,"sample","11:38","11:54","mostly cloudy",6,1.4,24.5,4.01,-0.666576266,2.97819563,NA,0,NA,0.63,7.88,3.0216,0.17,19.4,4.6,0.59,0.12,14.83,7.92,444.5,16.18,"E2014_0018",NA,"n","nearshore","WE12",4.595779414
"6/30","offshore","E0020_100LTR","E0020","6/30/14","June",34,"100LTR","E140028",8.609,"sample","12:48","13:03","mostly sunny",8,2,24.8,1.79,0.669026766,3.69265037,NA,0,NA,1.59,12.93,3.38725,0.27,23.7,5.7,0.78,0.13,18.05,7.24,611.5,20.65,"E2014_0020",NA,"n","offshore","WE4",6.792312303
"6/30","offshore","E0020_22NA","E0020","6/30/14","June",34,"22NA","E140028",8.609,"sample","12:48","13:03","mostly sunny",8,2,24.8,1.79,0.669026766,3.69265037,NA,0,NA,1.59,12.93,3.38725,0.27,23.7,5.7,0.78,0.13,18.05,7.24,611.5,20.65,"E2014_0020",NA,"n","offshore","WE4",6.792312303
"6/30","offshore","E0020_3NA","E0020","6/30/14","June",34,"3NA","E140028",8.609,"sample","12:48","13:03","mostly sunny",8,2,24.8,1.79,0.669026766,3.69265037,NA,0,NA,1.59,12.93,3.38725,0.27,23.7,5.7,0.78,0.13,18.05,7.24,611.5,20.65,"E2014_0020",NA,"n","offshore","WE4",6.792312303
"6/30","offshore","E0020_53LTR","E0020","6/30/14","June",34,"53LTR","E140028",8.609,"sample","12:48","13:03","mostly sunny",8,2,24.8,1.79,0.669026766,3.69265037,NA,0,NA,1.59,12.93,3.38725,0.27,23.7,5.7,0.78,0.13,18.05,7.24,611.5,20.65,"E2014_0020",NA,"n","offshore","WE4",6.792312303
"6/30","offshore","E0020_CNA","E0020","6/30/14","June",34,"CNA","E140028",8.609,"sample","12:48","13:03","mostly sunny",8,2,24.8,1.79,0.669026766,3.69265037,NA,0,NA,1.59,12.93,3.38725,0.27,23.7,5.7,0.78,0.13,18.05,7.24,611.5,20.65,"E2014_0020",NA,"n","offshore","WE4",6.792312303
"7/8","nearshore2","E0022_100LTR","E0022","7/8/14","July",42,"100LTR","E140030",8.265,"sample","10:53","","coudy",5,1.4,23.8,3.55,0.23878686,2.776103988,-1.785875195,0.29,NA,1.18,6.85,4.0772,2.49,22.7,7.9,0.96,0.06,14.75,4.09,597.5,16.29,"E2014_0022",163.6026951,"n","nearshore","WE2",4.804654084
"7/8","nearshore2","E0022_22NA","E0022","7/8/14","July",42,"22NA","E140030",8.265,"sample","10:53","","coudy",5,1.4,23.8,3.55,0.23878686,2.776103988,-1.785875195,0.29,NA,1.18,6.85,4.0772,2.49,22.7,7.9,0.96,0.06,14.75,4.09,597.5,16.29,"E2014_0022",163.6026951,"n","nearshore","WE2",4.804654084
"7/8","nearshore2","E0022_3NA","E0022","7/8/14","July",42,"3NA","E140030",8.265,"sample","10:53","","coudy",5,1.4,23.8,3.55,0.23878686,2.776103988,-1.785875195,0.29,NA,1.18,6.85,4.0772,2.49,22.7,7.9,0.96,0.06,14.75,4.09,597.5,16.29,"E2014_0022",163.6026951,"n","nearshore","WE2",4.804654084
"7/8","nearshore2","E0022_53LTR","E0022","7/8/14","July",42,"53LTR","E140030",8.265,"sample","10:53","","coudy",5,1.4,23.8,3.55,0.23878686,2.776103988,-1.785875195,0.29,NA,1.18,6.85,4.0772,2.49,22.7,7.9,0.96,0.06,14.75,4.09,597.5,16.29,"E2014_0022",163.6026951,"n","nearshore","WE2",4.804654084
"7/8","nearshore2","E0022_CNA","E0022","7/8/14","July",42,"CNA","E140030",8.265,"sample","10:53","","coudy",5,1.4,23.8,3.55,0.23878686,2.776103988,-1.785875195,0.29,NA,1.18,6.85,4.0772,2.49,22.7,7.9,0.96,0.06,14.75,4.09,597.5,16.29,"E2014_0022",163.6026951,"n","nearshore","WE2",4.804654084
"7/8","nearshore1","E0024_100LTR","E0024","7/8/14","July",42,"100LTR","E140032",8.334,"sample","12:09","12:25","rainy",5.7,1,23.5,9.47,-3.058893689,2.803227036,NA,0,NA,0.12,6.98,3.05175,0.2,34,5.1,0.66,0.1,28.97,3.62,343.5,16.16,"E2014_0024",154.9502201,"n","nearshore","WE12",3.662872236
"7/8","nearshore1","E0024_22NA","E0024","7/8/14","July",42,"22NA","E140032",8.334,"sample","12:09","12:25","rainy",5.7,1,23.5,9.47,-3.058893689,2.803227036,NA,0,NA,0.12,6.98,3.05175,0.2,34,5.1,0.66,0.1,28.97,3.62,343.5,16.16,"E2014_0024",154.9502201,"n","nearshore","WE12",3.662872236
"7/8","nearshore1","E0024_53LTR","E0024","7/8/14","July",42,"53LTR","E140032",8.334,"sample","12:09","12:25","rainy",5.7,1,23.5,9.47,-3.058893689,2.803227036,NA,0,NA,0.12,6.98,3.05175,0.2,34,5.1,0.66,0.1,28.97,3.62,343.5,16.16,"E2014_0024",154.9502201,"n","nearshore","WE12",3.662872236
"7/8","nearshore1","E0024_CNA","E0024","7/8/14","July",42,"CNA","E140032",8.334,"sample","12:09","12:25","rainy",5.7,1,23.5,9.47,-3.058893689,2.803227036,NA,0,NA,0.12,6.98,3.05175,0.2,34,5.1,0.66,0.1,28.97,3.62,343.5,16.16,"E2014_0024",154.9502201,"n","nearshore","WE12",3.662872236
"7/8","offshore","E0026_100LTR","E0026","7/8/14","July",42,"100LTR","E140034",8.45,"sample","13:22","13:47","sunny",7,2,23.7,1.16,-0.736965594,1.827819025,NA,0,NA,0.6,3.55,3.00175,1.02,14.4,3.5,0.38,0.05,10.93,4.58,458,17.8,"E2014_0026",173.9337628,"n","offshore","WE4",2.961181333
"7/8","offshore","E0026_22NA","E0026","7/8/14","July",42,"22NA","E140034",8.45,"sample","13:22","13:47","sunny",7,2,23.7,1.16,-0.736965594,1.827819025,NA,0,NA,0.6,3.55,3.00175,1.02,14.4,3.5,0.38,0.05,10.93,4.58,458,17.8,"E2014_0026",173.9337628,"n","offshore","WE4",2.961181333
"7/8","offshore","E0026_3NA","E0026","7/8/14","July",42,"3NA","E140034",8.45,"sample","13:22","13:47","sunny",7,2,23.7,1.16,-0.736965594,1.827819025,NA,0,NA,0.6,3.55,3.00175,1.02,14.4,3.5,0.38,0.05,10.93,4.58,458,17.8,"E2014_0026",173.9337628,"n","offshore","WE4",2.961181333
"7/8","offshore","E0026_53LTR","E0026","7/8/14","July",42,"53LTR","E140034",8.45,"sample","13:22","13:47","sunny",7,2,23.7,1.16,-0.736965594,1.827819025,NA,0,NA,0.6,3.55,3.00175,1.02,14.4,3.5,0.38,0.05,10.93,4.58,458,17.8,"E2014_0026",173.9337628,"n","offshore","WE4",2.961181333
"7/8","offshore","E0026_CNA","E0026","7/8/14","July",42,"CNA","E140034",8.45,"sample","13:22","13:47","sunny",7,2,23.7,1.16,-0.736965594,1.827819025,NA,0,NA,0.6,3.55,3.00175,1.02,14.4,3.5,0.38,0.05,10.93,4.58,458,17.8,"E2014_0026",173.9337628,"n","offshore","WE4",2.961181333
"7/14","nearshore2","E0028_100LTR","E0028","7/14/14","July",48,"100LTR","E140036",8.382,"sample","10:00","10:24","partly sunny",5.1,1.8,24.4,3.61,4.102658131,3.382667253,0.028569152,1.02,NA,17.18,10.43,3.89275,0.57,26.2,6.9,0.87,0.15,19.21,7.95,1090,11.03,"E2014_0028",683.259721,"n","nearshore","WE2",8.572711727
"7/14","nearshore2","E0028_22NA","E0028","7/14/14","July",48,"22NA","E140036",8.382,"sample","10:00","10:24","partly sunny",5.1,1.8,24.4,3.61,4.102658131,3.382667253,0.028569152,1.02,NA,17.18,10.43,3.89275,0.57,26.2,6.9,0.87,0.15,19.21,7.95,1090,11.03,"E2014_0028",683.259721,"n","nearshore","WE2",8.572711727
"7/14","nearshore2","E0028_3NA","E0028","7/14/14","July",48,"3NA","E140036",8.382,"sample","10:00","10:24","partly sunny",5.1,1.8,24.4,3.61,4.102658131,3.382667253,0.028569152,1.02,NA,17.18,10.43,3.89275,0.57,26.2,6.9,0.87,0.15,19.21,7.95,1090,11.03,"E2014_0028",683.259721,"n","nearshore","WE2",8.572711727
"7/14","nearshore2","E0028_53LTR","E0028","7/14/14","July",48,"53LTR","E140036",8.382,"sample","10:00","10:24","partly sunny",5.1,1.8,24.4,3.61,4.102658131,3.382667253,0.028569152,1.02,NA,17.18,10.43,3.89275,0.57,26.2,6.9,0.87,0.15,19.21,7.95,1090,11.03,"E2014_0028",683.259721,"n","nearshore","WE2",8.572711727
"7/14","nearshore2","E0028_CNA","E0028","7/14/14","July",48,"CNA","E140036",8.382,"sample","10:00","10:24","partly sunny",5.1,1.8,24.4,3.61,4.102658131,3.382667253,0.028569152,1.02,NA,17.18,10.43,3.89275,0.57,26.2,6.9,0.87,0.15,19.21,7.95,1090,11.03,"E2014_0028",683.259721,"n","nearshore","WE2",8.572711727
"7/14","nearshore1","E0030_100LTR","E0030","7/14/14","July",48,"100LTR","E140042",8.32,"sample","11:17","11:32","partly sunny",6.1,1.5,24.6,3.7,-0.454031631,2.952333566,NA,0,NA,0.73,7.74,3.04975,0.1,23.1,4.6,0.58,0.1,18.49,5.49,448.5,3.04,"E2014_0030",421.5805285,"n","nearshore","WE12",3.416086172
"7/14","nearshore1","E0030_22NA","E0030","7/14/14","July",48,"22NA","E140042",8.32,"sample","11:17","11:32","partly sunny",6.1,1.5,24.6,3.7,-0.454031631,2.952333566,NA,0,NA,0.73,7.74,3.04975,0.1,23.1,4.6,0.58,0.1,18.49,5.49,448.5,3.04,"E2014_0030",421.5805285,"n","nearshore","WE12",3.416086172
"7/14","nearshore1","E0030_3NA","E0030","7/14/14","July",48,"3NA","E140042",8.32,"sample","11:17","11:32","partly sunny",6.1,1.5,24.6,3.7,-0.454031631,2.952333566,NA,0,NA,0.73,7.74,3.04975,0.1,23.1,4.6,0.58,0.1,18.49,5.49,448.5,3.04,"E2014_0030",421.5805285,"n","nearshore","WE12",3.416086172
"7/14","nearshore1","E0030_53LTR","E0030","7/14/14","July",48,"53LTR","E140042",8.32,"sample","11:17","11:32","partly sunny",6.1,1.5,24.6,3.7,-0.454031631,2.952333566,NA,0,NA,0.73,7.74,3.04975,0.1,23.1,4.6,0.58,0.1,18.49,5.49,448.5,3.04,"E2014_0030",421.5805285,"n","nearshore","WE12",3.416086172
"7/14","nearshore1","E0030_CNA","E0030","7/14/14","July",48,"CNA","E140042",8.32,"sample","11:17","11:32","partly sunny",6.1,1.5,24.6,3.7,-0.454031631,2.952333566,NA,0,NA,0.73,7.74,3.04975,0.1,23.1,4.6,0.58,0.1,18.49,5.49,448.5,3.04,"E2014_0030",421.5805285,"n","nearshore","WE12",3.416086172
"7/14","offshore","E0032_100LTR","E0032","7/14/14","July",48,"100LTR","E140040",8.43,"sample","12:30","12:49","partly cloudy",8.2,3.5,24.2,1.07,-0.49410907,1.98550043,-2.556393349,0.17,NA,0.71,3.96,2.784,0.1,13.1,3.1,0.45,0.07,9.94,7.51,392,13.36,"E2014_0032",753.8813493,"n","offshore","WE4",3.553916244
"7/14","offshore","E0032_22NA","E0032","7/14/14","July",48,"22NA","E140040",8.43,"sample","12:30","12:49","partly cloudy",8.2,3.5,24.2,1.07,-0.49410907,1.98550043,-2.556393349,0.17,NA,0.71,3.96,2.784,0.1,13.1,3.1,0.45,0.07,9.94,7.51,392,13.36,"E2014_0032",753.8813493,"n","offshore","WE4",3.553916244
"7/14","offshore","E0032_3NA","E0032","7/14/14","July",48,"3NA","E140040",8.43,"sample","12:30","12:49","partly cloudy",8.2,3.5,24.2,1.07,-0.49410907,1.98550043,-2.556393349,0.17,NA,0.71,3.96,2.784,0.1,13.1,3.1,0.45,0.07,9.94,7.51,392,13.36,"E2014_0032",753.8813493,"n","offshore","WE4",3.553916244
"7/14","offshore","E0032_53LTR","E0032","7/14/14","July",48,"53LTR","E140040",8.43,"no-amp","12:30","12:49","partly cloudy",8.2,3.5,24.2,1.07,-0.49410907,1.98550043,-2.556393349,0.17,NA,0.71,3.96,2.784,0.1,13.1,3.1,0.45,0.07,9.94,7.51,392,13.36,"E2014_0032",753.8813493,"n","offshore","WE4",3.553916244
"7/14","offshore","E0032_CNA","E0032","7/14/14","July",48,"CNA","E140040",8.43,"sample","12:30","12:49","partly cloudy",8.2,3.5,24.2,1.07,-0.49410907,1.98550043,-2.556393349,0.17,NA,0.71,3.96,2.784,0.1,13.1,3.1,0.45,0.07,9.94,7.51,392,13.36,"E2014_0032",753.8813493,"n","offshore","WE4",3.553916244
"7/21","nearshore2","E0034_100LTR","E0034","7/21/14","July",55,"100LTR","E140043",8.375,"sample","9:41","10:02","sunny but foggy",4.8,2,23.5,7.21,2.358958826,4.023255352,2.304511042,4.94,NA,5.13,16.26,3.41125,0.04,32.2,4.5,2.32,0.3,27.74,10.87,518,2.93,"E2014_0034",429.7049332,"n","nearshore","WE2",3.921255064
"7/21","nearshore2","E0034_22NA","E0034","7/21/14","July",55,"22NA","E140043",8.375,"sample","9:41","10:02","sunny but foggy",4.8,2,23.5,7.21,2.358958826,4.023255352,2.304511042,4.94,NA,5.13,16.26,3.41125,0.04,32.2,4.5,2.32,0.3,27.74,10.87,518,2.93,"E2014_0034",429.7049332,"n","nearshore","WE2",3.921255064
"7/21","nearshore2","E0034_3NA","E0034","7/21/14","July",55,"3NA","E140043",8.375,"sample","9:41","10:02","sunny but foggy",4.8,2,23.5,7.21,2.358958826,4.023255352,2.304511042,4.94,NA,5.13,16.26,3.41125,0.04,32.2,4.5,2.32,0.3,27.74,10.87,518,2.93,"E2014_0034",429.7049332,"n","nearshore","WE2",3.921255064
"7/21","nearshore2","E0034_53LTR","E0034","7/21/14","July",55,"53LTR","E140043",8.375,"sample","9:41","10:02","sunny but foggy",4.8,2,23.5,7.21,2.358958826,4.023255352,2.304511042,4.94,NA,5.13,16.26,3.41125,0.04,32.2,4.5,2.32,0.3,27.74,10.87,518,2.93,"E2014_0034",429.7049332,"n","nearshore","WE2",3.921255064
"7/21","nearshore2","E0034_CNA","E0034","7/21/14","July",55,"CNA","E140043",8.375,"sample","9:41","10:02","sunny but foggy",4.8,2,23.5,7.21,2.358958826,4.023255352,2.304511042,4.94,NA,5.13,16.26,3.41125,0.04,32.2,4.5,2.32,0.3,27.74,10.87,518,2.93,"E2014_0034",429.7049332,"n","nearshore","WE2",3.921255064
"7/21","nearshore1","E0036_100LTR","E0036","7/21/14","July",55,"100LTR","E140045",8.794,"sample","11:03","11:20","sunny",6,1.2,23.9,5.58,2.482848283,4.218781168,2.618238656,6.14,NA,5.59,18.62,3.75225,0.1,32.1,4.5,1.8,0.29,27.63,10.49,1021,1.82,"E2014_0036",463.5637402,"n","nearshore","WE12",6.561996833
"7/21","nearshore1","E0036_22NA","E0036","7/21/14","July",55,"22NA","E140045",8.794,"sample","11:03","11:20","sunny",6,1.2,23.9,5.58,2.482848283,4.218781168,2.618238656,6.14,NA,5.59,18.62,3.75225,0.1,32.1,4.5,1.8,0.29,27.63,10.49,1021,1.82,"E2014_0036",463.5637402,"n","nearshore","WE12",6.561996833
"7/21","nearshore1","E0036_3NA","E0036","7/21/14","July",55,"3NA","E140045",8.794,"sample","11:03","11:20","sunny",6,1.2,23.9,5.58,2.482848283,4.218781168,2.618238656,6.14,NA,5.59,18.62,3.75225,0.1,32.1,4.5,1.8,0.29,27.63,10.49,1021,1.82,"E2014_0036",463.5637402,"n","nearshore","WE12",6.561996833
"7/21","nearshore1","E0036_53LTR","E0036","7/21/14","July",55,"53LTR","E140045",8.794,"sample","11:03","11:20","sunny",6,1.2,23.9,5.58,2.482848283,4.218781168,2.618238656,6.14,NA,5.59,18.62,3.75225,0.1,32.1,4.5,1.8,0.29,27.63,10.49,1021,1.82,"E2014_0036",463.5637402,"n","nearshore","WE12",6.561996833
"7/21","nearshore1","E0036_CNA","E0036","7/21/14","July",55,"CNA","E140045",8.794,"sample","11:03","11:20","sunny",6,1.2,23.9,5.58,2.482848283,4.218781168,2.618238656,6.14,NA,5.59,18.62,3.75225,0.1,32.1,4.5,1.8,0.29,27.63,10.49,1021,1.82,"E2014_0036",463.5637402,"n","nearshore","WE12",6.561996833
"7/21","offshore","E0038_100LTR","E0038","7/21/14","July",55,"100LTR","E140047",8.445,"sample","12:15","","sunny",6.3,NA,24.1,1.57,2.618238656,2.572889668,0.86393845,1.82,NA,6.14,5.95,2.37875,0.14,14.3,1.7,0.89,0.13,12.58,10.3,318,1.69,"E2014_0038",317.7296414,"n","offshore","WE4",2.69844051
"7/21","offshore","E0038_3NA","E0038","7/21/14","July",55,"3NA","E140047",8.445,"sample","12:15","","sunny",6.3,NA,24.1,1.57,2.618238656,2.572889668,0.86393845,1.82,NA,6.14,5.95,2.37875,0.14,14.3,1.7,0.89,0.13,12.58,10.3,318,1.69,"E2014_0038",317.7296414,"n","offshore","WE4",2.69844051
"7/21","offshore","E0038_53LTR","E0038","7/21/14","July",55,"53LTR","E140047",8.445,"sample","12:15","","sunny",6.3,NA,24.1,1.57,2.618238656,2.572889668,0.86393845,1.82,NA,6.14,5.95,2.37875,0.14,14.3,1.7,0.89,0.13,12.58,10.3,318,1.69,"E2014_0038",317.7296414,"n","offshore","WE4",2.69844051
"7/21","offshore","E0038_CNA","E0038","7/21/14","July",55,"CNA","E140047",8.445,"sample","12:15","","sunny",6.3,NA,24.1,1.57,2.618238656,2.572889668,0.86393845,1.82,NA,6.14,5.95,2.37875,0.14,14.3,1.7,0.89,0.13,12.58,10.3,318,1.69,"E2014_0038",317.7296414,"n","offshore","WE4",2.69844051
"7/29","nearshore2","E0040_100LTR","E0040","7/29/14","July",63,"100LTR","E140050/161",8.499,"sample","9:42","10:00","sunny",4.8,2,22.2,3.52,3.139142019,3.324810603,1.992768431,3.98,NA,8.81,10.02,3.396,2.5,23.6,6,0.78,0.11,17.57,6.54,439,6.48,"E2014_0040",1383.37604,"n","nearshore","WE2",3.413934814
"7/29","nearshore2","E0040_22NA","E0040","7/29/14","July",63,"22NA","E140050/161",8.499,"sample","9:42","10:00","sunny",4.8,2,22.2,3.52,3.139142019,3.324810603,1.992768431,3.98,NA,8.81,10.02,3.396,2.5,23.6,6,0.78,0.11,17.57,6.54,439,6.48,"E2014_0040",1383.37604,"n","nearshore","WE2",3.413934814
"7/29","nearshore2","E0040_3NA","E0040","7/29/14","July",63,"3NA","E140050/161",8.499,"sample","9:42","10:00","sunny",4.8,2,22.2,3.52,3.139142019,3.324810603,1.992768431,3.98,NA,8.81,10.02,3.396,2.5,23.6,6,0.78,0.11,17.57,6.54,439,6.48,"E2014_0040",1383.37604,"n","nearshore","WE2",3.413934814
"7/29","nearshore2","E0040_53LTR","E0040","7/29/14","July",63,"53LTR","E140050/161",8.499,"sample","9:42","10:00","sunny",4.8,2,22.2,3.52,3.139142019,3.324810603,1.992768431,3.98,NA,8.81,10.02,3.396,2.5,23.6,6,0.78,0.11,17.57,6.54,439,6.48,"E2014_0040",1383.37604,"n","nearshore","WE2",3.413934814
"7/29","nearshore2","E0040_CNA","E0040","7/29/14","July",63,"CNA","E140050/161",8.499,"sample","9:42","10:00","sunny",4.8,2,22.2,3.52,3.139142019,3.324810603,1.992768431,3.98,NA,8.81,10.02,3.396,2.5,23.6,6,0.78,0.11,17.57,6.54,439,6.48,"E2014_0040",1383.37604,"n","nearshore","WE2",3.413934814
"7/29","nearshore1","E0042_100LTR","E0042","7/29/14","July",63,"100LTR","E140052",8.585,"sample","10:53","11:08","sunny",5.9,0.6,22.2,15.5,4.793895883,5.050936965,2.792855352,6.93,NA,27.74,33.15,3.6775,3.46,67.5,7.9,2.86,0.52,59.57,8.74,1026,0.1,"E2014_0042",883.4676478,"n","nearshore","WE12",6.46522329
"7/29","nearshore1","E0042_22NA","E0042","7/29/14","July",63,"22NA","E140052",8.585,"sample","10:53","11:08","sunny",5.9,0.6,22.2,15.5,4.793895883,5.050936965,2.792855352,6.93,NA,27.74,33.15,3.6775,3.46,67.5,7.9,2.86,0.52,59.57,8.74,1026,0.1,"E2014_0042",883.4676478,"n","nearshore","WE12",6.46522329
"7/29","nearshore1","E0042_3NA","E0042","7/29/14","July",63,"3NA","E140052",8.585,"sample","10:53","11:08","sunny",5.9,0.6,22.2,15.5,4.793895883,5.050936965,2.792855352,6.93,NA,27.74,33.15,3.6775,3.46,67.5,7.9,2.86,0.52,59.57,8.74,1026,0.1,"E2014_0042",883.4676478,"n","nearshore","WE12",6.46522329
"7/29","nearshore1","E0042_53LTR","E0042","7/29/14","July",63,"53LTR","E140052",8.585,"sample","10:53","11:08","sunny",5.9,0.6,22.2,15.5,4.793895883,5.050936965,2.792855352,6.93,NA,27.74,33.15,3.6775,3.46,67.5,7.9,2.86,0.52,59.57,8.74,1026,0.1,"E2014_0042",883.4676478,"n","nearshore","WE12",6.46522329
"7/29","nearshore1","E0042_CNA","E0042","7/29/14","July",63,"CNA","E140052",8.585,"sample","10:53","11:08","sunny",5.9,0.6,22.2,15.5,4.793895883,5.050936965,2.792855352,6.93,NA,27.74,33.15,3.6775,3.46,67.5,7.9,2.86,0.52,59.57,8.74,1026,0.1,"E2014_0042",883.4676478,"n","nearshore","WE12",6.46522329
"7/29","offshore","E0044_100LTR","E0044","7/29/14","July",63,"100LTR","E140053/73",8.526,"sample","12:17","12:33","sunny",8.1,NA,22.6,2.45,2.253989266,2.613531653,0.014355293,1.01,NA,4.77,6.12,2.44225,1.01,16.5,3.1,0.61,0.09,13.39,6.97,308,9.39,"E2014_0044",717.1590595,"n","offshore","WE4",2.264666841
"7/29","offshore","E0044_22NA","E0044","7/29/14","July",63,"22NA","E140053/73",8.526,"sample","12:17","12:33","sunny",8.1,NA,22.6,2.45,2.253989266,2.613531653,0.014355293,1.01,NA,4.77,6.12,2.44225,1.01,16.5,3.1,0.61,0.09,13.39,6.97,308,9.39,"E2014_0044",717.1590595,"n","offshore","WE4",2.264666841
"7/29","offshore","E0044_3NA","E0044","7/29/14","July",63,"3NA","E140053/73",8.526,"sample","12:17","12:33","sunny",8.1,NA,22.6,2.45,2.253989266,2.613531653,0.014355293,1.01,NA,4.77,6.12,2.44225,1.01,16.5,3.1,0.61,0.09,13.39,6.97,308,9.39,"E2014_0044",717.1590595,"n","offshore","WE4",2.264666841
"7/29","offshore","E0044_53LTR","E0044","7/29/14","July",63,"53LTR","E140053/73",8.526,"sample","12:17","12:33","sunny",8.1,NA,22.6,2.45,2.253989266,2.613531653,0.014355293,1.01,NA,4.77,6.12,2.44225,1.01,16.5,3.1,0.61,0.09,13.39,6.97,308,9.39,"E2014_0044",717.1590595,"n","offshore","WE4",2.264666841
"7/29","offshore","E0044_CNA","E0044","7/29/14","July",63,"CNA","E140053/73",8.526,"sample","12:17","12:33","sunny",8.1,NA,22.6,2.45,2.253989266,2.613531653,0.014355293,1.01,NA,4.77,6.12,2.44225,1.01,16.5,3.1,0.61,0.09,13.39,6.97,308,9.39,"E2014_0044",717.1590595,"n","offshore","WE4",2.264666841
"8/4","nearshore2","E0046_100LTR","E0046","8/4/14","August",69,"100LTR","E140055",9.195,"sample","10:46","11:15","sunny",4.9,1,23.1,8.99,5.285772093,4.879705766,2.114367025,4.33,NA,39.01,29.44,3.898,1.45,32,4.8,2.1,0.32,27.16,11.94,556,3.03,"E2014_0046",303.8264776,"n","nearshore","WE2",6.438243172
"8/4","nearshore2","E0046_22NA","E0046","8/4/14","August",69,"22NA","E140055",9.195,"sample","10:46","11:15","sunny",4.9,1,23.1,8.99,5.285772093,4.879705766,2.114367025,4.33,NA,39.01,29.44,3.898,1.45,32,4.8,2.1,0.32,27.16,11.94,556,3.03,"E2014_0046",303.8264776,"n","nearshore","WE2",6.438243172
"8/4","nearshore2","E0046_3NA","E0046","8/4/14","August",69,"3NA","E140055",9.195,"sample","10:46","11:15","sunny",4.9,1,23.1,8.99,5.285772093,4.879705766,2.114367025,4.33,NA,39.01,29.44,3.898,1.45,32,4.8,2.1,0.32,27.16,11.94,556,3.03,"E2014_0046",303.8264776,"n","nearshore","WE2",6.438243172
"8/4","nearshore2","E0046_53LTR","E0046","8/4/14","August",69,"53LTR","E140055",9.195,"sample","10:46","11:15","sunny",4.9,1,23.1,8.99,5.285772093,4.879705766,2.114367025,4.33,NA,39.01,29.44,3.898,1.45,32,4.8,2.1,0.32,27.16,11.94,556,3.03,"E2014_0046",303.8264776,"n","nearshore","WE2",6.438243172
"8/4","nearshore2","E0046_CNA","E0046","8/4/14","August",69,"CNA","E140055",9.195,"sample","10:46","11:15","sunny",4.9,1,23.1,8.99,5.285772093,4.879705766,2.114367025,4.33,NA,39.01,29.44,3.898,1.45,32,4.8,2.1,0.32,27.16,11.94,556,3.03,"E2014_0046",303.8264776,"n","nearshore","WE2",6.438243172
"8/4","nearshore1","E0048_100LTR","E0048","8/4/14","August",69,"100LTR","E140057",9.29,"sample","12:48","13:17","hazy",6,0.6,24.6,17.7,5.5055734,5.767125077,3.214124805,9.28,NA,45.43,54.46,3.94625,0.1,44.4,5.3,4.65,0.68,39.03,17.35,617.5,3.25,"E2014_0048",331.0631026,"n","nearshore","WE12",6.322072879
"8/4","nearshore1","E0048_22NA","E0048","8/4/14","August",69,"22NA","E140057",9.29,"sample","12:48","13:17","hazy",6,0.6,24.6,17.7,5.5055734,5.767125077,3.214124805,9.28,NA,45.43,54.46,3.94625,0.1,44.4,5.3,4.65,0.68,39.03,17.35,617.5,3.25,"E2014_0048",331.0631026,"n","nearshore","WE12",6.322072879
"8/4","nearshore1","E0048_3NA","E0048","8/4/14","August",69,"3NA","E140057",9.29,"sample","12:48","13:17","hazy",6,0.6,24.6,17.7,5.5055734,5.767125077,3.214124805,9.28,NA,45.43,54.46,3.94625,0.1,44.4,5.3,4.65,0.68,39.03,17.35,617.5,3.25,"E2014_0048",331.0631026,"n","nearshore","WE12",6.322072879
"8/4","nearshore1","E0048_53LTR","E0048","8/4/14","August",69,"53LTR","E140057",9.29,"sample","12:48","13:17","hazy",6,0.6,24.6,17.7,5.5055734,5.767125077,3.214124805,9.28,NA,45.43,54.46,3.94625,0.1,44.4,5.3,4.65,0.68,39.03,17.35,617.5,3.25,"E2014_0048",331.0631026,"n","nearshore","WE12",6.322072879
"8/4","nearshore1","E0048_CNA","E0048","8/4/14","August",69,"CNA","E140057",9.29,"sample","12:48","13:17","hazy",6,0.6,24.6,17.7,5.5055734,5.767125077,3.214124805,9.28,NA,45.43,54.46,3.94625,0.1,44.4,5.3,4.65,0.68,39.03,17.35,617.5,3.25,"E2014_0048",331.0631026,"n","nearshore","WE12",6.322072879
"8/4","offshore","E0050_100LTR","E0050","8/4/14","August",69,"100LTR","E140059",9.128,"sample","14:45","15:04","partly cloudy",8,1.6,24.6,3.56,3.942983598,4.178714641,0.622930351,1.54,NA,15.38,18.11,3.28225,0.55,22.1,3.2,1.75,0.24,18.92,12.76,139,1.64,"E2014_0050",295.2206983,"n","offshore","WE4",2.950603364
"8/4","offshore","E0050_22NA","E0050","8/4/14","August",69,"22NA","E140059",9.128,"sample","14:45","15:04","partly cloudy",8,1.6,24.6,3.56,3.942983598,4.178714641,0.622930351,1.54,NA,15.38,18.11,3.28225,0.55,22.1,3.2,1.75,0.24,18.92,12.76,139,1.64,"E2014_0050",295.2206983,"n","offshore","WE4",2.950603364
"8/4","offshore","E0050_3NA","E0050","8/4/14","August",69,"3NA","E140059",9.128,"sample","14:45","15:04","partly cloudy",8,1.6,24.6,3.56,3.942983598,4.178714641,0.622930351,1.54,NA,15.38,18.11,3.28225,0.55,22.1,3.2,1.75,0.24,18.92,12.76,139,1.64,"E2014_0050",295.2206983,"n","offshore","WE4",2.950603364
"8/4","offshore","E0050_CNA","E0050","8/4/14","August",69,"CNA","E140059",9.128,"sample","14:45","15:04","partly cloudy",8,1.6,24.6,3.56,3.942983598,4.178714641,0.622930351,1.54,NA,15.38,18.11,3.28225,0.55,22.1,3.2,1.75,0.24,18.92,12.76,139,1.64,"E2014_0050",295.2206983,"n","offshore","WE4",2.950603364
"8/11","nearshore2","E0052_100LTR","E0052","8/11/14","August",76,"100LTR","E140061",9.168,"sample","11:34","11:47","rainy",5.1,0.2,23.8,41.9,8.070281981,6.169123281,4.87282876,29.3,NA,268.78,71.96,3.898,0.69,121.1,6.9,6.79,1.21,114.19,10.57,146,7.07,"E2014_0052",292.8814101,"n","nearshore","WE2",8.47081306
"8/11","nearshore2","E0052_22NA","E0052","8/11/14","August",76,"22NA","E140061",9.168,"sample","11:34","11:47","rainy",5.1,0.2,23.8,41.9,8.070281981,6.169123281,4.87282876,29.3,NA,268.78,71.96,3.898,0.69,121.1,6.9,6.79,1.21,114.19,10.57,146,7.07,"E2014_0052",292.8814101,"n","nearshore","WE2",8.47081306
"8/11","nearshore2","E0052_3NA","E0052","8/11/14","August",76,"3NA","E140061",9.168,"sample","11:34","11:47","rainy",5.1,0.2,23.8,41.9,8.070281981,6.169123281,4.87282876,29.3,NA,268.78,71.96,3.898,0.69,121.1,6.9,6.79,1.21,114.19,10.57,146,7.07,"E2014_0052",292.8814101,"n","nearshore","WE2",8.47081306
"8/11","nearshore2","E0052_53LTR","E0052","8/11/14","August",76,"53LTR","E140061",9.168,"sample","11:34","11:47","rainy",5.1,0.2,23.8,41.9,8.070281981,6.169123281,4.87282876,29.3,NA,268.78,71.96,3.898,0.69,121.1,6.9,6.79,1.21,114.19,10.57,146,7.07,"E2014_0052",292.8814101,"n","nearshore","WE2",8.47081306
"8/11","nearshore2","E0052_CNA","E0052","8/11/14","August",76,"CNA","E140061",9.168,"sample","11:34","11:47","rainy",5.1,0.2,23.8,41.9,8.070281981,6.169123281,4.87282876,29.3,NA,268.78,71.96,3.898,0.69,121.1,6.9,6.79,1.21,114.19,10.57,146,7.07,"E2014_0052",292.8814101,"n","nearshore","WE2",8.47081306
"8/11","nearshore1","E0054_100LTR","E0054","8/11/14","August",76,"100LTR","E140063",8.613,"sample","12:31","12:40","cloudy",6.1,0.6,23.8,11,4.08491466,3.533563348,1.5360529,2.9,NA,16.97,11.58,3.94625,1.53,43.6,5.6,1.34,0.25,37.93,6.48,145,8.12,"E2014_0054",295.5588752,"n","nearshore","WE12",3.204245188
"8/11","nearshore1","E0054_22NA","E0054","8/11/14","August",76,"22NA","E140063",8.613,"sample","12:31","12:40","cloudy",6.1,0.6,23.8,11,4.08491466,3.533563348,1.5360529,2.9,NA,16.97,11.58,3.94625,1.53,43.6,5.6,1.34,0.25,37.93,6.48,145,8.12,"E2014_0054",295.5588752,"n","nearshore","WE12",3.204245188
"8/11","nearshore1","E0054_3NA","E0054","8/11/14","August",76,"3NA","E140063",8.613,"sample","12:31","12:40","cloudy",6.1,0.6,23.8,11,4.08491466,3.533563348,1.5360529,2.9,NA,16.97,11.58,3.94625,1.53,43.6,5.6,1.34,0.25,37.93,6.48,145,8.12,"E2014_0054",295.5588752,"n","nearshore","WE12",3.204245188
"8/11","nearshore1","E0054_53LTR","E0054","8/11/14","August",76,"53LTR","E140063",8.613,"sample","12:31","12:40","cloudy",6.1,0.6,23.8,11,4.08491466,3.533563348,1.5360529,2.9,NA,16.97,11.58,3.94625,1.53,43.6,5.6,1.34,0.25,37.93,6.48,145,8.12,"E2014_0054",295.5588752,"n","nearshore","WE12",3.204245188
"8/11","nearshore1","E0054_CNA","E0054","8/11/14","August",76,"CNA","E140063",8.613,"sample","12:31","12:40","cloudy",6.1,0.6,23.8,11,4.08491466,3.533563348,1.5360529,2.9,NA,16.97,11.58,3.94625,1.53,43.6,5.6,1.34,0.25,37.93,6.48,145,8.12,"E2014_0054",295.5588752,"n","nearshore","WE12",3.204245188
"8/11","offshore","E0056_100LTR","E0056","8/11/14","August",76,"100LTR","E140065",9.019,"sample","13:30","13:38","rainy",8.1,0.8,23.5,12,5.70348835,4.917909074,3.510961919,11.4,NA,52.11,30.23,3.28225,0.98,45.7,5.7,2.64,0.45,40.03,11.32,39,7.14,"E2014_0056",263.5888692,"n","offshore","WE4",4.550644842
"8/11","offshore","E0056_22NA","E0056","8/11/14","August",76,"22NA","E140065",9.019,"sample","13:30","13:38","rainy",8.1,0.8,23.5,12,5.70348835,4.917909074,3.510961919,11.4,NA,52.11,30.23,3.28225,0.98,45.7,5.7,2.64,0.45,40.03,11.32,39,7.14,"E2014_0056",263.5888692,"n","offshore","WE4",4.550644842
"8/11","offshore","E0056_3NA","E0056","8/11/14","August",76,"3NA","E140065",9.019,"sample","13:30","13:38","rainy",8.1,0.8,23.5,12,5.70348835,4.917909074,3.510961919,11.4,NA,52.11,30.23,3.28225,0.98,45.7,5.7,2.64,0.45,40.03,11.32,39,7.14,"E2014_0056",263.5888692,"n","offshore","WE4",4.550644842
"8/11","offshore","E0056_53LTR","E0056","8/11/14","August",76,"53LTR","E140065",9.019,"sample","13:30","13:38","rainy",8.1,0.8,23.5,12,5.70348835,4.917909074,3.510961919,11.4,NA,52.11,30.23,3.28225,0.98,45.7,5.7,2.64,0.45,40.03,11.32,39,7.14,"E2014_0056",263.5888692,"n","offshore","WE4",4.550644842
"8/11","offshore","E0056_CNA","E0056","8/11/14","August",76,"CNA","E140065",9.019,"sample","13:30","13:38","rainy",8.1,0.8,23.5,12,5.70348835,4.917909074,3.510961919,11.4,NA,52.11,30.23,3.28225,0.98,45.7,5.7,2.64,0.45,40.03,11.32,39,7.14,"E2014_0056",263.5888692,"n","offshore","WE4",4.550644842
"8/18","nearshore2","E0058_100LTR","E0058","8/18/14","August",83,"100LTR","E140067",9.032,"sample","9:38","10:05","Cloudy",4.7,0.6,21.9,22.5,4.578334949,5.299757512,2.23572706,4.71,NA,23.89,39.39,3.97825,1.27,72.1,7.1,3.96,0.54,65.03,8.35,1,3.25,"E2014_0058",203.664182,"n","nearshore","WE2",4.355235194
"8/18","nearshore2","E0058_22NA","E0058","8/18/14","August",83,"22NA","E140067",9.032,"sample","9:38","10:05","Cloudy",4.7,0.6,21.9,22.5,4.578334949,5.299757512,2.23572706,4.71,NA,23.89,39.39,3.97825,1.27,72.1,7.1,3.96,0.54,65.03,8.35,1,3.25,"E2014_0058",203.664182,"n","nearshore","WE2",4.355235194
"8/18","nearshore2","E0058_3NA","E0058","8/18/14","August",83,"3NA","E140067",9.032,"sample","9:38","10:05","Cloudy",4.7,0.6,21.9,22.5,4.578334949,5.299757512,2.23572706,4.71,NA,23.89,39.39,3.97825,1.27,72.1,7.1,3.96,0.54,65.03,8.35,1,3.25,"E2014_0058",203.664182,"n","nearshore","WE2",4.355235194
"8/18","nearshore2","E0058_53LTR","E0058","8/18/14","August",83,"53LTR","E140067",9.032,"sample","9:38","10:05","Cloudy",4.7,0.6,21.9,22.5,4.578334949,5.299757512,2.23572706,4.71,NA,23.89,39.39,3.97825,1.27,72.1,7.1,3.96,0.54,65.03,8.35,1,3.25,"E2014_0058",203.664182,"n","nearshore","WE2",4.355235194
"8/18","nearshore2","E0058_CNA","E0058","8/18/14","August",83,"CNA","E140067",9.032,"sample","9:38","10:05","Cloudy",4.7,0.6,21.9,22.5,4.578334949,5.299757512,2.23572706,4.71,NA,23.89,39.39,3.97825,1.27,72.1,7.1,3.96,0.54,65.03,8.35,1,3.25,"E2014_0058",203.664182,"n","nearshore","WE2",4.355235194
"8/18","nearshore1","E0060_100LTR","E0060","8/18/14","August",83,"100LTR","E140069",9.033,"sample","11:02","11:28","Partly Sunny",6,0.5,22,31.6,3.9800253,5.059614856,1.761285273,3.39,NA,15.78,33.35,2.915,2.44,82.7,7.2,3.76,0.58,75.56,7.71,3,2.01,"E2014_0060",214.2496831,"n","nearshore","WE12",5.198318475
"8/18","nearshore1","E0060_22NA","E0060","8/18/14","August",83,"22NA","E140069",9.033,"sample","11:02","11:28","Partly Sunny",6,0.5,22,31.6,3.9800253,5.059614856,1.761285273,3.39,NA,15.78,33.35,2.915,2.44,82.7,7.2,3.76,0.58,75.56,7.71,3,2.01,"E2014_0060",214.2496831,"n","nearshore","WE12",5.198318475
"8/18","nearshore1","E0060_3NA","E0060","8/18/14","August",83,"3NA","E140069",9.033,"sample","11:02","11:28","Partly Sunny",6,0.5,22,31.6,3.9800253,5.059614856,1.761285273,3.39,NA,15.78,33.35,2.915,2.44,82.7,7.2,3.76,0.58,75.56,7.71,3,2.01,"E2014_0060",214.2496831,"n","nearshore","WE12",5.198318475
"8/18","nearshore1","E0060_53LTR","E0060","8/18/14","August",83,"53LTR","E140069",9.033,"sample","11:02","11:28","Partly Sunny",6,0.5,22,31.6,3.9800253,5.059614856,1.761285273,3.39,NA,15.78,33.35,2.915,2.44,82.7,7.2,3.76,0.58,75.56,7.71,3,2.01,"E2014_0060",214.2496831,"n","nearshore","WE12",5.198318475
"8/18","nearshore1","E0060_CNA","E0060","8/18/14","August",83,"CNA","E140069",9.033,"sample","11:02","11:28","Partly Sunny",6,0.5,22,31.6,3.9800253,5.059614856,1.761285273,3.39,NA,15.78,33.35,2.915,2.44,82.7,7.2,3.76,0.58,75.56,7.71,3,2.01,"E2014_0060",214.2496831,"n","nearshore","WE12",5.198318475
"8/18","offshore","E0062_100LTR","E0062","8/18/14","August",83,"100LTR","E140071/76/166",8.55,"sample","12:31","12:52","Partly Sunny",8,2.1,21.6,1.49,0.111031312,2.550900665,-2.251538767,0.21,NA,1.08,5.86,3.293,NA,12,1.3,0.55,0.1,10.65,8.97,179,1.77,"E2014_0062",215.008592,"n","offshore","WE4",1.409281752
"8/18","offshore","E0062_22NA","E0062","8/18/14","August",83,"22NA","E140071/76/166",8.55,"sample","12:31","12:52","Partly Sunny",8,2.1,21.6,1.49,0.111031312,2.550900665,-2.251538767,0.21,NA,1.08,5.86,3.293,NA,12,1.3,0.55,0.1,10.65,8.97,179,1.77,"E2014_0062",215.008592,"n","offshore","WE4",1.409281752
"8/18","offshore","E0062_3NA","E0062","8/18/14","August",83,"3NA","E140071/76/166",8.55,"sample","12:31","12:52","Partly Sunny",8,2.1,21.6,1.49,0.111031312,2.550900665,-2.251538767,0.21,NA,1.08,5.86,3.293,NA,12,1.3,0.55,0.1,10.65,8.97,179,1.77,"E2014_0062",215.008592,"n","offshore","WE4",1.409281752
"8/18","offshore","E0062_53LTR","E0062","8/18/14","August",83,"53LTR","E140071/76/166",8.55,"sample","12:31","12:52","Partly Sunny",8,2.1,21.6,1.49,0.111031312,2.550900665,-2.251538767,0.21,NA,1.08,5.86,3.293,NA,12,1.3,0.55,0.1,10.65,8.97,179,1.77,"E2014_0062",215.008592,"n","offshore","WE4",1.409281752
"8/18","offshore","E0062_CNA","E0062","8/18/14","August",83,"CNA","E140071/76/166",8.55,"sample","12:31","12:52","Partly Sunny",8,2.1,21.6,1.49,0.111031312,2.550900665,-2.251538767,0.21,NA,1.08,5.86,3.293,NA,12,1.3,0.55,0.1,10.65,8.97,179,1.77,"E2014_0062",215.008592,"n","offshore","WE4",1.409281752
"8/25","nearshore2","E0064_100LTR","E0064","8/25/14","August",90,"100LTR","E140077",9.02,"sample","9:50","10:06","Cloudy",4.8,0.6,24.1,22.4,4.233427944,4.760220946,1.432959407,2.7,NA,18.81,27.1,4.17975,15.75,90.3,21.2,2.82,0.44,69.1,6.34,8,3.38,"E2014_0064",279.7923708,"n","nearshore","WE2",6.0389386
"8/25","nearshore2","E0064_22NA","E0064","8/25/14","August",90,"22NA","E140077",9.02,"sample","9:50","10:06","Cloudy",4.8,0.6,24.1,22.4,4.233427944,4.760220946,1.432959407,2.7,NA,18.81,27.1,4.17975,15.75,90.3,21.2,2.82,0.44,69.1,6.34,8,3.38,"E2014_0064",279.7923708,"n","nearshore","WE2",6.0389386
"8/25","nearshore2","E0064_3NA","E0064","8/25/14","August",90,"3NA","E140077",9.02,"sample","9:50","10:06","Cloudy",4.8,0.6,24.1,22.4,4.233427944,4.760220946,1.432959407,2.7,NA,18.81,27.1,4.17975,15.75,90.3,21.2,2.82,0.44,69.1,6.34,8,3.38,"E2014_0064",279.7923708,"n","nearshore","WE2",6.0389386
"8/25","nearshore2","E0064_53LTR","E0064","8/25/14","August",90,"53LTR","E140077",9.02,"sample","9:50","10:06","Cloudy",4.8,0.6,24.1,22.4,4.233427944,4.760220946,1.432959407,2.7,NA,18.81,27.1,4.17975,15.75,90.3,21.2,2.82,0.44,69.1,6.34,8,3.38,"E2014_0064",279.7923708,"n","nearshore","WE2",6.0389386
"8/25","nearshore2","E0064_CNA","E0064","8/25/14","August",90,"CNA","E140077",9.02,"sample","9:50","10:06","Cloudy",4.8,0.6,24.1,22.4,4.233427944,4.760220946,1.432959407,2.7,NA,18.81,27.1,4.17975,15.75,90.3,21.2,2.82,0.44,69.1,6.34,8,3.38,"E2014_0064",279.7923708,"n","nearshore","WE2",6.0389386
"8/25","nearshore1","E0066_100LTR","E0066","8/25/14","August",90,"100LTR","E140079",9.294,"sample","11:05","11:28","sunny",6,0.3,25,31.6,5.514753498,5.258518925,1.632268215,3.1,NA,45.72,38.28,4.272,3.68,98.1,10.3,4.03,0.59,87.88,6.68,28,2.58,"E2014_0066",392.5883741,"n","nearshore","WE12",7.175372871
"8/25","nearshore1","E0066_22NA","E0066","8/25/14","August",90,"22NA","E140079",9.294,"sample","11:05","11:28","sunny",6,0.3,25,31.6,5.514753498,5.258518925,1.632268215,3.1,NA,45.72,38.28,4.272,3.68,98.1,10.3,4.03,0.59,87.88,6.68,28,2.58,"E2014_0066",392.5883741,"n","nearshore","WE12",7.175372871
"8/25","nearshore1","E0066_3NA","E0066","8/25/14","August",90,"3NA","E140079",9.294,"sample","11:05","11:28","sunny",6,0.3,25,31.6,5.514753498,5.258518925,1.632268215,3.1,NA,45.72,38.28,4.272,3.68,98.1,10.3,4.03,0.59,87.88,6.68,28,2.58,"E2014_0066",392.5883741,"n","nearshore","WE12",7.175372871
"8/25","nearshore1","E0066_53LTR","E0066","8/25/14","August",90,"53LTR","E140079",9.294,"sample","11:05","11:28","sunny",6,0.3,25,31.6,5.514753498,5.258518925,1.632268215,3.1,NA,45.72,38.28,4.272,3.68,98.1,10.3,4.03,0.59,87.88,6.68,28,2.58,"E2014_0066",392.5883741,"n","nearshore","WE12",7.175372871
"8/25","nearshore1","E0066_CNA","E0066","8/25/14","August",90,"CNA","E140079",9.294,"sample","11:05","11:28","sunny",6,0.3,25,31.6,5.514753498,5.258518925,1.632268215,3.1,NA,45.72,38.28,4.272,3.68,98.1,10.3,4.03,0.59,87.88,6.68,28,2.58,"E2014_0066",392.5883741,"n","nearshore","WE12",7.175372871
"8/25","offshore","E0068_100LTR","E0068","8/25/14","August",90,"100LTR","E140081/164",8.509,"sample","12:19","12:32","sunny",7.9,3,23.9,1.01,0.454175893,1.831877241,-3.321928095,0.1,NA,1.37,3.56,2.1968,0.2,11.6,0.6,0.39,0.06,10.95,5.65,199,18.23,"E2014_0068",304.2043115,"n","offshore","WE4",1.397384533
"8/25","offshore","E0068_22NA","E0068","8/25/14","August",90,"22NA","E140081/164",8.509,"sample","12:19","12:32","sunny",7.9,3,23.9,1.01,0.454175893,1.831877241,-3.321928095,0.1,NA,1.37,3.56,2.1968,0.2,11.6,0.6,0.39,0.06,10.95,5.65,199,18.23,"E2014_0068",304.2043115,"n","offshore","WE4",1.397384533
"8/25","offshore","E0068_3NA","E0068","8/25/14","August",90,"3NA","E140081/164",8.509,"sample","12:19","12:32","sunny",7.9,3,23.9,1.01,0.454175893,1.831877241,-3.321928095,0.1,NA,1.37,3.56,2.1968,0.2,11.6,0.6,0.39,0.06,10.95,5.65,199,18.23,"E2014_0068",304.2043115,"n","offshore","WE4",1.397384533
"8/25","offshore","E0068_53LTR","E0068","8/25/14","August",90,"53LTR","E140081/164",8.509,"sample","12:19","12:32","sunny",7.9,3,23.9,1.01,0.454175893,1.831877241,-3.321928095,0.1,NA,1.37,3.56,2.1968,0.2,11.6,0.6,0.39,0.06,10.95,5.65,199,18.23,"E2014_0068",304.2043115,"n","offshore","WE4",1.397384533
"8/25","offshore","E0068_CNA","E0068","8/25/14","August",90,"CNA","E140081/164",8.509,"sample","12:19","12:32","sunny",7.9,3,23.9,1.01,0.454175893,1.831877241,-3.321928095,0.1,NA,1.37,3.56,2.1968,0.2,11.6,0.6,0.39,0.06,10.95,5.65,199,18.23,"E2014_0068",304.2043115,"n","offshore","WE4",1.397384533
"9/2","nearshore2","E0076_100LTR","E0076","9/2/14","September",98,"100LTR","E140104",8.845,"sample","10:16","10:30","cloudy",4.2,0.4,NA,19.3,2.82984956,5.199279721,-0.736965594,0.6,0,7.11,36.74,4.0195,4.38,71.5,8.5,2.33,0.36,62.95,5.79,32,4.92,"E2014_0076",281.547499,"n","nearshore","WE2",5.03527737
"9/2","nearshore2","E0076_22NA","E0076","9/2/14","September",98,"22NA","E140104",8.845,"sample","10:16","10:30","cloudy",4.2,0.4,NA,19.3,2.82984956,5.199279721,-0.736965594,0.6,0,7.11,36.74,4.0195,4.38,71.5,8.5,2.33,0.36,62.95,5.79,32,4.92,"E2014_0076",281.547499,"n","nearshore","WE2",5.03527737
"9/2","nearshore2","E0076_3NA","E0076","9/2/14","September",98,"3NA","E140104",8.845,"sample","10:16","10:30","cloudy",4.2,0.4,NA,19.3,2.82984956,5.199279721,-0.736965594,0.6,0,7.11,36.74,4.0195,4.38,71.5,8.5,2.33,0.36,62.95,5.79,32,4.92,"E2014_0076",281.547499,"n","nearshore","WE2",5.03527737
"9/2","nearshore2","E0076_53LTR","E0076","9/2/14","September",98,"53LTR","E140104",8.845,"sample","10:16","10:30","cloudy",4.2,0.4,NA,19.3,2.82984956,5.199279721,-0.736965594,0.6,0,7.11,36.74,4.0195,4.38,71.5,8.5,2.33,0.36,62.95,5.79,32,4.92,"E2014_0076",281.547499,"n","nearshore","WE2",5.03527737
"9/2","nearshore2","E0076_CNA","E0076","9/2/14","September",98,"CNA","E140104",8.845,"sample","10:16","10:30","cloudy",4.2,0.4,NA,19.3,2.82984956,5.199279721,-0.736965594,0.6,0,7.11,36.74,4.0195,4.38,71.5,8.5,2.33,0.36,62.95,5.79,32,4.92,"E2014_0076",281.547499,"n","nearshore","WE2",5.03527737
"9/2","nearshore1","E0078_100LTR","E0078","9/2/14","September",98,"100LTR","E140106",8.901,"sample","11:22","11:35","cloudy",5.8,0.6,NA,11.1,2.64385619,4.56193706,-1.736965594,0.3,0,6.25,23.62,3.19425,1.81,47.5,5.6,1.76,0.27,41.9,6.48,48,1.63,"E2014_0078",279.0339353,"n","nearshore","WE12",4.011427746
"9/2","nearshore1","E0078_22NA","E0078","9/2/14","September",98,"22NA","E140106",8.901,"sample","11:22","11:35","cloudy",5.8,0.6,NA,11.1,2.64385619,4.56193706,-1.736965594,0.3,0,6.25,23.62,3.19425,1.81,47.5,5.6,1.76,0.27,41.9,6.48,48,1.63,"E2014_0078",279.0339353,"n","nearshore","WE12",4.011427746
"9/2","nearshore1","E0078_3NA","E0078","9/2/14","September",98,"3NA","E140106",8.901,"sample","11:22","11:35","cloudy",5.8,0.6,NA,11.1,2.64385619,4.56193706,-1.736965594,0.3,0,6.25,23.62,3.19425,1.81,47.5,5.6,1.76,0.27,41.9,6.48,48,1.63,"E2014_0078",279.0339353,"n","nearshore","WE12",4.011427746
"9/2","nearshore1","E0078_53LTR","E0078","9/2/14","September",98,"53LTR","E140106",8.901,"sample","11:22","11:35","cloudy",5.8,0.6,NA,11.1,2.64385619,4.56193706,-1.736965594,0.3,0,6.25,23.62,3.19425,1.81,47.5,5.6,1.76,0.27,41.9,6.48,48,1.63,"E2014_0078",279.0339353,"n","nearshore","WE12",4.011427746
"9/2","nearshore1","E0078_CNA","E0078","9/2/14","September",98,"CNA","E140106",8.901,"sample","11:22","11:35","cloudy",5.8,0.6,NA,11.1,2.64385619,4.56193706,-1.736965594,0.3,0,6.25,23.62,3.19425,1.81,47.5,5.6,1.76,0.27,41.9,6.48,48,1.63,"E2014_0078",279.0339353,"n","nearshore","WE12",4.011427746
"9/2","offshore","E0080_100LTR","E0080","9/2/14","September",98,"100LTR","E140108",8.631,"sample","12:31","","rainy",7.8,1,NA,6.72,2.912649865,4.828834649,-2.321928095,0.2,0,7.53,28.42,2.5675,0.9,30.6,2.7,1.55,0.26,27.93,9.25,73,5.28,"E2014_0080",311.1521277,"n","offshore","WE4",2.117372553
"9/2","offshore","E0080_22NA","E0080","9/2/14","September",98,"22NA","E140108",8.631,"sample","12:31","","rainy",7.8,1,NA,6.72,2.912649865,4.828834649,-2.321928095,0.2,0,7.53,28.42,2.5675,0.9,30.6,2.7,1.55,0.26,27.93,9.25,73,5.28,"E2014_0080",311.1521277,"n","offshore","WE4",2.117372553
"9/2","offshore","E0080_3NA","E0080","9/2/14","September",98,"3NA","E140108",8.631,"sample","12:31","","rainy",7.8,1,NA,6.72,2.912649865,4.828834649,-2.321928095,0.2,0,7.53,28.42,2.5675,0.9,30.6,2.7,1.55,0.26,27.93,9.25,73,5.28,"E2014_0080",311.1521277,"n","offshore","WE4",2.117372553
"9/2","offshore","E0080_53LTR","E0080","9/2/14","September",98,"53LTR","E140108",8.631,"sample","12:31","","rainy",7.8,1,NA,6.72,2.912649865,4.828834649,-2.321928095,0.2,0,7.53,28.42,2.5675,0.9,30.6,2.7,1.55,0.26,27.93,9.25,73,5.28,"E2014_0080",311.1521277,"n","offshore","WE4",2.117372553
"9/2","offshore","E0080_CNA","E0080","9/2/14","September",98,"CNA","E140108",8.631,"sample","12:31","","rainy",7.8,1,NA,6.72,2.912649865,4.828834649,-2.321928095,0.2,0,7.53,28.42,2.5675,0.9,30.6,2.7,1.55,0.26,27.93,9.25,73,5.28,"E2014_0080",311.1521277,"n","offshore","WE4",2.117372553
"9/8","nearshore2","E0082_100LTR","E0082","9/8/14","September",104,"100LTR","E140116",8.86,"sample","9:51","10:08","sunny",4.8,0.8,NA,9.23,1.695993813,4.376429311,-0.736965594,0.6,0.48,3.24,20.77,3.5595,4.08,42.7,8.3,1.57,0.21,34.33,6.13,53,1.15,"E2014_0082",220.6112009,"n","nearshore","WE2",4.290379809
"9/8","nearshore2","E0082_22NA","E0082","9/8/14","September",104,"22NA","E140116",8.86,"sample","9:51","10:08","sunny",4.8,0.8,NA,9.23,1.695993813,4.376429311,-0.736965594,0.6,0.48,3.24,20.77,3.5595,4.08,42.7,8.3,1.57,0.21,34.33,6.13,53,1.15,"E2014_0082",220.6112009,"n","nearshore","WE2",4.290379809
"9/8","nearshore2","E0082_3NA","E0082","9/8/14","September",104,"3NA","E140116",8.86,"sample","9:51","10:08","sunny",4.8,0.8,NA,9.23,1.695993813,4.376429311,-0.736965594,0.6,0.48,3.24,20.77,3.5595,4.08,42.7,8.3,1.57,0.21,34.33,6.13,53,1.15,"E2014_0082",220.6112009,"n","nearshore","WE2",4.290379809
"9/8","nearshore2","E0082_53LTR","E0082","9/8/14","September",104,"53LTR","E140116",8.86,"sample","9:51","10:08","sunny",4.8,0.8,NA,9.23,1.695993813,4.376429311,-0.736965594,0.6,0.48,3.24,20.77,3.5595,4.08,42.7,8.3,1.57,0.21,34.33,6.13,53,1.15,"E2014_0082",220.6112009,"n","nearshore","WE2",4.290379809
"9/8","nearshore2","E0082_CNA","E0082","9/8/14","September",104,"CNA","E140116",8.86,"sample","9:51","10:08","sunny",4.8,0.8,NA,9.23,1.695993813,4.376429311,-0.736965594,0.6,0.48,3.24,20.77,3.5595,4.08,42.7,8.3,1.57,0.21,34.33,6.13,53,1.15,"E2014_0082",220.6112009,"n","nearshore","WE2",4.290379809
"9/8","nearshore1","E0084_100LTR","E0084","9/8/14","September",104,"100LTR","E140118",8.77,"sample","11:08","11:23","sunny",6,0.7,NA,9.46,2.150559677,4.5360529,-1.321928095,0.4,0.31,4.44,23.2,3.238,1.87,47.3,6.4,1.58,0.2,40.86,4.98,70,1.1,"E2014_0084",283.6230938,"n","nearshore","WE12",3.089423174
"9/8","nearshore1","E0084_22NA","E0084","9/8/14","September",104,"22NA","E140118",8.77,"sample","11:08","11:23","sunny",6,0.7,NA,9.46,2.150559677,4.5360529,-1.321928095,0.4,0.31,4.44,23.2,3.238,1.87,47.3,6.4,1.58,0.2,40.86,4.98,70,1.1,"E2014_0084",283.6230938,"n","nearshore","WE12",3.089423174
"9/8","nearshore1","E0084_3NA","E0084","9/8/14","September",104,"3NA","E140118",8.77,"sample","11:08","11:23","sunny",6,0.7,NA,9.46,2.150559677,4.5360529,-1.321928095,0.4,0.31,4.44,23.2,3.238,1.87,47.3,6.4,1.58,0.2,40.86,4.98,70,1.1,"E2014_0084",283.6230938,"n","nearshore","WE12",3.089423174
"9/8","nearshore1","E0084_53LTR","E0084","9/8/14","September",104,"53LTR","E140118",8.77,"sample","11:08","11:23","sunny",6,0.7,NA,9.46,2.150559677,4.5360529,-1.321928095,0.4,0.31,4.44,23.2,3.238,1.87,47.3,6.4,1.58,0.2,40.86,4.98,70,1.1,"E2014_0084",283.6230938,"n","nearshore","WE12",3.089423174
"9/8","nearshore1","E0084_CNA","E0084","9/8/14","September",104,"CNA","E140118",8.77,"sample","11:08","11:23","sunny",6,0.7,NA,9.46,2.150559677,4.5360529,-1.321928095,0.4,0.31,4.44,23.2,3.238,1.87,47.3,6.4,1.58,0.2,40.86,4.98,70,1.1,"E2014_0084",283.6230938,"n","nearshore","WE12",3.089423174
"9/8","offshore","E0086_100LTR","E0086","9/8/14","September",104,"100LTR","E140120",8.864,"sample","12:29","12:43","sunny",7.8,1.4,NA,6.55,3.982765463,4.713695815,-0.321928095,0.8,0.25,15.81,26.24,3.2225,0.27,30.6,3.5,1.57,0.28,27.08,10.27,63,1.54,"E2014_0086",246.0188035,"n","offshore","WE4",2.388856126
"9/8","offshore","E0086_22NA","E0086","9/8/14","September",104,"22NA","E140120",8.864,"sample","12:29","12:43","sunny",7.8,1.4,NA,6.55,3.982765463,4.713695815,-0.321928095,0.8,0.25,15.81,26.24,3.2225,0.27,30.6,3.5,1.57,0.28,27.08,10.27,63,1.54,"E2014_0086",246.0188035,"n","offshore","WE4",2.388856126
"9/8","offshore","E0086_3NA","E0086","9/8/14","September",104,"3NA","E140120",8.864,"sample","12:29","12:43","sunny",7.8,1.4,NA,6.55,3.982765463,4.713695815,-0.321928095,0.8,0.25,15.81,26.24,3.2225,0.27,30.6,3.5,1.57,0.28,27.08,10.27,63,1.54,"E2014_0086",246.0188035,"n","offshore","WE4",2.388856126
"9/8","offshore","E0086_53LTR","E0086","9/8/14","September",104,"53LTR","E140120",8.864,"no-amp","12:29","12:43","sunny",7.8,1.4,NA,6.55,3.982765463,4.713695815,-0.321928095,0.8,0.25,15.81,26.24,3.2225,0.27,30.6,3.5,1.57,0.28,27.08,10.27,63,1.54,"E2014_0086",246.0188035,"n","offshore","WE4",2.388856126
"9/8","offshore","E0086_CNA","E0086","9/8/14","September",104,"CNA","E140120",8.864,"sample","12:29","12:43","sunny",7.8,1.4,NA,6.55,3.982765463,4.713695815,-0.321928095,0.8,0.25,15.81,26.24,3.2225,0.27,30.6,3.5,1.57,0.28,27.08,10.27,63,1.54,"E2014_0086",246.0188035,"n","offshore","WE4",2.388856126
"9/15","nearshore2","E0088_100LTR","E0088","9/15/14","September",111,"100LTR","E140139",8.288,"sample","9:51","","cloudy",5.2,0.7,19.3,10.2,3.185866545,3.778208576,-0.514573173,0.7,0.87,9.1,13.72,3.94325,20.21,57.5,22.9,31.68,5.91,34.52,NA,143,10.97,"E2014_0088",215.4381433,"n","nearshore","WE2",4.550799562
"9/15","nearshore2","E0088_22NA","E0088","9/15/14","September",111,"22NA","E140139",8.288,"sample","9:51","","cloudy",5.2,0.7,19.3,10.2,3.185866545,3.778208576,-0.514573173,0.7,0.87,9.1,13.72,3.94325,20.21,57.5,22.9,31.68,5.91,34.52,NA,143,10.97,"E2014_0088",215.4381433,"n","nearshore","WE2",4.550799562
"9/15","nearshore2","E0088_3NA","E0088","9/15/14","September",111,"3NA","E140139",8.288,"sample","9:51","","cloudy",5.2,0.7,19.3,10.2,3.185866545,3.778208576,-0.514573173,0.7,0.87,9.1,13.72,3.94325,20.21,57.5,22.9,31.68,5.91,34.52,NA,143,10.97,"E2014_0088",215.4381433,"n","nearshore","WE2",4.550799562
"9/15","nearshore2","E0088_53LTR","E0088","9/15/14","September",111,"53LTR","E140139",8.288,"sample","9:51","","cloudy",5.2,0.7,19.3,10.2,3.185866545,3.778208576,-0.514573173,0.7,0.87,9.1,13.72,3.94325,20.21,57.5,22.9,31.68,5.91,34.52,NA,143,10.97,"E2014_0088",215.4381433,"n","nearshore","WE2",4.550799562
"9/15","nearshore2","E0088_CNA","E0088","9/15/14","September",111,"CNA","E140139",8.288,"sample","9:51","","cloudy",5.2,0.7,19.3,10.2,3.185866545,3.778208576,-0.514573173,0.7,0.87,9.1,13.72,3.94325,20.21,57.5,22.9,31.68,5.91,34.52,NA,143,10.97,"E2014_0088",215.4381433,"n","nearshore","WE2",4.550799562
"9/15","nearshore1","E0090_100LTR","E0090","9/15/14","September",111,"100LTR","E140141",8.505,"sample","11:16","11:30","cloudy",5.8,0.4,18.4,15,2.257010618,4.20867332,0.378511623,1.3,1.04,4.78,18.49,4.361,12.1,66,15.9,1.15,0.21,50.05,4.17,141,0.1,"E2014_0090",180.3205479,"n","nearshore","WE12",5.358085963
"9/15","nearshore1","E0090_22NA","E0090","9/15/14","September",111,"22NA","E140141",8.505,"sample","11:16","11:30","cloudy",5.8,0.4,18.4,15,2.257010618,4.20867332,0.378511623,1.3,1.04,4.78,18.49,4.361,12.1,66,15.9,1.15,0.21,50.05,4.17,141,0.1,"E2014_0090",180.3205479,"n","nearshore","WE12",5.358085963
"9/15","nearshore1","E0090_3NA","E0090","9/15/14","September",111,"3NA","E140141",8.505,"sample","11:16","11:30","cloudy",5.8,0.4,18.4,15,2.257010618,4.20867332,0.378511623,1.3,1.04,4.78,18.49,4.361,12.1,66,15.9,1.15,0.21,50.05,4.17,141,0.1,"E2014_0090",180.3205479,"n","nearshore","WE12",5.358085963
"9/15","nearshore1","E0090_53LTR","E0090","9/15/14","September",111,"53LTR","E140141",8.505,"sample","11:16","11:30","cloudy",5.8,0.4,18.4,15,2.257010618,4.20867332,0.378511623,1.3,1.04,4.78,18.49,4.361,12.1,66,15.9,1.15,0.21,50.05,4.17,141,0.1,"E2014_0090",180.3205479,"n","nearshore","WE12",5.358085963
"9/15","nearshore1","E0090_CNA","E0090","9/15/14","September",111,"CNA","E140141",8.505,"sample","11:16","11:30","cloudy",5.8,0.4,18.4,15,2.257010618,4.20867332,0.378511623,1.3,1.04,4.78,18.49,4.361,12.1,66,15.9,1.15,0.21,50.05,4.17,141,0.1,"E2014_0090",180.3205479,"n","nearshore","WE12",5.358085963
"9/15","offshore","E0092_100LTR","E0092","9/15/14","September",111,"100LTR","E140143",8.137,"sample","12:14","","rainy",8,3,19.6,2.22,-0.13606155,1.97819563,-3.321928095,0.1,0.1,0.91,3.94,2.52875,2.85,35.1,5.6,0.9,0.14,29.46,4.62,192,11.83,"E2014_0092",213.1191761,"n","offshore","WE4",1.463827674
"9/15","offshore","E0092_22NA","E0092","9/15/14","September",111,"22NA","E140143",8.137,"sample","12:14","","rainy",8,3,19.6,2.22,-0.13606155,1.97819563,-3.321928095,0.1,0.1,0.91,3.94,2.52875,2.85,35.1,5.6,0.9,0.14,29.46,4.62,192,11.83,"E2014_0092",213.1191761,"n","offshore","WE4",1.463827674
"9/15","offshore","E0092_3NA","E0092","9/15/14","September",111,"3NA","E140143",8.137,"sample","12:14","","rainy",8,3,19.6,2.22,-0.13606155,1.97819563,-3.321928095,0.1,0.1,0.91,3.94,2.52875,2.85,35.1,5.6,0.9,0.14,29.46,4.62,192,11.83,"E2014_0092",213.1191761,"n","offshore","WE4",1.463827674
"9/15","offshore","E0092_53LTR","E0092","9/15/14","September",111,"53LTR","E140143",8.137,"sample","12:14","","rainy",8,3,19.6,2.22,-0.13606155,1.97819563,-3.321928095,0.1,0.1,0.91,3.94,2.52875,2.85,35.1,5.6,0.9,0.14,29.46,4.62,192,11.83,"E2014_0092",213.1191761,"n","offshore","WE4",1.463827674
"9/15","offshore","E0092_CNA","E0092","9/15/14","September",111,"CNA","E140143",8.137,"sample","12:14","","rainy",8,3,19.6,2.22,-0.13606155,1.97819563,-3.321928095,0.1,0.1,0.91,3.94,2.52875,2.85,35.1,5.6,0.9,0.14,29.46,4.62,192,11.83,"E2014_0092",213.1191761,"n","offshore","WE4",1.463827674
"9/23","nearshore2","E0100_100LTR","E0100","9/23/14","September",119,"100LTR","E140167",8.221,"sample","10:03","10:41","sunny",4.9,NA,18.4,9.42,4.94673086,3.659924558,0.432959407,1.35,1.4,30.84,12.64,3.67775,21.22,65.3,21.1,1.33,0.25,44.24,5.67,152,12.85,"E2014_0100",213.3807517,"n","nearshore","WE2",4.779656761
"9/23","nearshore2","E0100_22NA","E0100","9/23/14","September",119,"22NA","E140167",8.221,"sample","10:03","10:41","sunny",4.9,NA,18.4,9.42,4.94673086,3.659924558,0.432959407,1.35,1.4,30.84,12.64,3.67775,21.22,65.3,21.1,1.33,0.25,44.24,5.67,152,12.85,"E2014_0100",213.3807517,"n","nearshore","WE2",4.779656761
"9/23","nearshore2","E0100_3NA","E0100","9/23/14","September",119,"3NA","E140167",8.221,"sample","10:03","10:41","sunny",4.9,NA,18.4,9.42,4.94673086,3.659924558,0.432959407,1.35,1.4,30.84,12.64,3.67775,21.22,65.3,21.1,1.33,0.25,44.24,5.67,152,12.85,"E2014_0100",213.3807517,"n","nearshore","WE2",4.779656761
"9/23","nearshore2","E0100_53LTR","E0100","9/23/14","September",119,"53LTR","E140167",8.221,"sample","10:03","10:41","sunny",4.9,NA,18.4,9.42,4.94673086,3.659924558,0.432959407,1.35,1.4,30.84,12.64,3.67775,21.22,65.3,21.1,1.33,0.25,44.24,5.67,152,12.85,"E2014_0100",213.3807517,"n","nearshore","WE2",4.779656761
"9/23","nearshore2","E0100_CNA","E0100","9/23/14","September",119,"CNA","E140167",8.221,"sample","10:03","10:41","sunny",4.9,NA,18.4,9.42,4.94673086,3.659924558,0.432959407,1.35,1.4,30.84,12.64,3.67775,21.22,65.3,21.1,1.33,0.25,44.24,5.67,152,12.85,"E2014_0100",213.3807517,"n","nearshore","WE2",4.779656761
"9/23","nearshore1","E0102_100LTR","E0102","9/23/14","September",119,"100LTR","E140169",8.332,"sample","11:34","","sunny",5.8,NA,17.9,11,4.133399125,4.08491466,-0.152003093,0.9,0.9,17.55,16.97,3.3648,17.39,60.3,17.7,1.77,0.32,42.62,7.42,150,3.14,"E2014_0102",270.7901863,"n","nearshore","WE12",4.072445445
"9/23","nearshore1","E0102_22NA","E0102","9/23/14","September",119,"22NA","E140169",8.332,"sample","11:34","","sunny",5.8,NA,17.9,11,4.133399125,4.08491466,-0.152003093,0.9,0.9,17.55,16.97,3.3648,17.39,60.3,17.7,1.77,0.32,42.62,7.42,150,3.14,"E2014_0102",270.7901863,"n","nearshore","WE12",4.072445445
"9/23","nearshore1","E0102_3NA","E0102","9/23/14","September",119,"3NA","E140169",8.332,"sample","11:34","","sunny",5.8,NA,17.9,11,4.133399125,4.08491466,-0.152003093,0.9,0.9,17.55,16.97,3.3648,17.39,60.3,17.7,1.77,0.32,42.62,7.42,150,3.14,"E2014_0102",270.7901863,"n","nearshore","WE12",4.072445445
"9/23","nearshore1","E0102_53LTR","E0102","9/23/14","September",119,"53LTR","E140169",8.332,"sample","11:34","","sunny",5.8,NA,17.9,11,4.133399125,4.08491466,-0.152003093,0.9,0.9,17.55,16.97,3.3648,17.39,60.3,17.7,1.77,0.32,42.62,7.42,150,3.14,"E2014_0102",270.7901863,"n","nearshore","WE12",4.072445445
"9/23","nearshore1","E0102_CNA","E0102","9/23/14","September",119,"CNA","E140169",8.332,"sample","11:34","","sunny",5.8,NA,17.9,11,4.133399125,4.08491466,-0.152003093,0.9,0.9,17.55,16.97,3.3648,17.39,60.3,17.7,1.77,0.32,42.62,7.42,150,3.14,"E2014_0102",270.7901863,"n","nearshore","WE12",4.072445445
"9/23","offshore","E0104_100LTR","E0104","9/23/14","September",119,"100LTR","E140171",8.264,"no-amp","12:58","13:26","sunny",7.8,NA,17.9,1.87,-1.029146346,1.389566812,-1.736965594,0.3,0.1,0.49,2.62,2.37,0.1,9.9,1.5,0.33,0.06,8.49,6.6,176,0.59,"E2014_0104",270.6391546,"n","offshore","WE4",1.438435991
"9/23","offshore","E0104_22NA","E0104","9/23/14","September",119,"22NA","E140171",8.264,"sample","12:58","13:26","sunny",7.8,NA,17.9,1.87,-1.029146346,1.389566812,-1.736965594,0.3,0.1,0.49,2.62,2.37,0.1,9.9,1.5,0.33,0.06,8.49,6.6,176,0.59,"E2014_0104",270.6391546,"n","offshore","WE4",1.438435991
"9/23","offshore","E0104_3NA","E0104","9/23/14","September",119,"3NA","E140171",8.264,"sample","12:58","13:26","sunny",7.8,NA,17.9,1.87,-1.029146346,1.389566812,-1.736965594,0.3,0.1,0.49,2.62,2.37,0.1,9.9,1.5,0.33,0.06,8.49,6.6,176,0.59,"E2014_0104",270.6391546,"n","offshore","WE4",1.438435991
"9/23","offshore","E0104_53LTR","E0104","9/23/14","September",119,"53LTR","E140171",8.264,"sample","12:58","13:26","sunny",7.8,NA,17.9,1.87,-1.029146346,1.389566812,-1.736965594,0.3,0.1,0.49,2.62,2.37,0.1,9.9,1.5,0.33,0.06,8.49,6.6,176,0.59,"E2014_0104",270.6391546,"n","offshore","WE4",1.438435991
"9/23","offshore","E0104_CNA","E0104","9/23/14","September",119,"CNA","E140171",8.264,"sample","12:58","13:26","sunny",7.8,NA,17.9,1.87,-1.029146346,1.389566812,-1.736965594,0.3,0.1,0.49,2.62,2.37,0.1,9.9,1.5,0.33,0.06,8.49,6.6,176,0.59,"E2014_0104",270.6391546,"n","offshore","WE4",1.438435991
"9/29","nearshore2","E0106_100LTR","E0106","9/29/14","September",125,"100LTR","E140173",8.835,"sample","10:05","10:17","sunny",4,0.6,19.4,22.1,7.682994584,6.058099988,2.070389328,4.2,0.6,205.5,66.63,3.044,2.25,132.7,8.3,5.84,1.07,124.46,8.59,147.5,0.1,"E2014_0106",296.5561875,"n","nearshore","WE2",6.659957275
"9/29","nearshore2","E0106_22NA","E0106","9/29/14","September",125,"22NA","E140173",8.835,"sample","10:05","10:17","sunny",4,0.6,19.4,22.1,7.682994584,6.058099988,2.070389328,4.2,0.6,205.5,66.63,3.044,2.25,132.7,8.3,5.84,1.07,124.46,8.59,147.5,0.1,"E2014_0106",296.5561875,"n","nearshore","WE2",6.659957275
"9/29","nearshore2","E0106_3NA","E0106","9/29/14","September",125,"3NA","E140173",8.835,"sample","10:05","10:17","sunny",4,0.6,19.4,22.1,7.682994584,6.058099988,2.070389328,4.2,0.6,205.5,66.63,3.044,2.25,132.7,8.3,5.84,1.07,124.46,8.59,147.5,0.1,"E2014_0106",296.5561875,"n","nearshore","WE2",6.659957275
"9/29","nearshore2","E0106_53LTR","E0106","9/29/14","September",125,"53LTR","E140173",8.835,"sample","10:05","10:17","sunny",4,0.6,19.4,22.1,7.682994584,6.058099988,2.070389328,4.2,0.6,205.5,66.63,3.044,2.25,132.7,8.3,5.84,1.07,124.46,8.59,147.5,0.1,"E2014_0106",296.5561875,"n","nearshore","WE2",6.659957275
"9/29","nearshore2","E0106_CNA","E0106","9/29/14","September",125,"CNA","E140173",8.835,"sample","10:05","10:17","sunny",4,0.6,19.4,22.1,7.682994584,6.058099988,2.070389328,4.2,0.6,205.5,66.63,3.044,2.25,132.7,8.3,5.84,1.07,124.46,8.59,147.5,0.1,"E2014_0106",296.5561875,"n","nearshore","WE2",6.659957275
"9/29","nearshore1","E0108_100LTR","E0108","9/29/14","September",125,"100LTR","E140175",8.738,"sample","11:10","11:25","foggy",5.9,0.8,19.5,31.9,4.450881315,4.475733431,-0.736965594,0.6,0.5,21.87,22.25,3.475,7.98,69.2,9.1,3.03,0.48,60.11,8.01,140,0.44,"E2014_0108",320.7728026,"n","nearshore","WE12",3.991414089
"9/29","nearshore1","E0108_22NA","E0108","9/29/14","September",125,"22NA","E140175",8.738,"sample","11:10","11:25","foggy",5.9,0.8,19.5,31.9,4.450881315,4.475733431,-0.736965594,0.6,0.5,21.87,22.25,3.475,7.98,69.2,9.1,3.03,0.48,60.11,8.01,140,0.44,"E2014_0108",320.7728026,"n","nearshore","WE12",3.991414089
"9/29","nearshore1","E0108_3NA","E0108","9/29/14","September",125,"3NA","E140175",8.738,"sample","11:10","11:25","foggy",5.9,0.8,19.5,31.9,4.450881315,4.475733431,-0.736965594,0.6,0.5,21.87,22.25,3.475,7.98,69.2,9.1,3.03,0.48,60.11,8.01,140,0.44,"E2014_0108",320.7728026,"n","nearshore","WE12",3.991414089
"9/29","nearshore1","E0108_53LTR","E0108","9/29/14","September",125,"53LTR","E140175",8.738,"sample","11:10","11:25","foggy",5.9,0.8,19.5,31.9,4.450881315,4.475733431,-0.736965594,0.6,0.5,21.87,22.25,3.475,7.98,69.2,9.1,3.03,0.48,60.11,8.01,140,0.44,"E2014_0108",320.7728026,"n","nearshore","WE12",3.991414089
"9/29","nearshore1","E0108_CNA","E0108","9/29/14","September",125,"CNA","E140175",8.738,"sample","11:10","11:25","foggy",5.9,0.8,19.5,31.9,4.450881315,4.475733431,-0.736965594,0.6,0.5,21.87,22.25,3.475,7.98,69.2,9.1,3.03,0.48,60.11,8.01,140,0.44,"E2014_0108",320.7728026,"n","nearshore","WE12",3.991414089
"9/29","offshore","E0110_100LTR","E0110","9/29/14","September",125,"100LTR","E140177",8.578,"sample","12:17","12:30","sunny",7.9,2.1,19.9,4.34,1.867896464,3.203201156,-2.321928095,0.2,0,3.65,9.21,2.72,0.1,17.7,3.1,0.82,0.14,14.64,9.43,188,0.33,"E2014_0110",290.0495404,"n","offshore","WE4",2.305297754
"9/29","offshore","E0110_22NA","E0110","9/29/14","September",125,"22NA","E140177",8.578,"sample","12:17","12:30","sunny",7.9,2.1,19.9,4.34,1.867896464,3.203201156,-2.321928095,0.2,0,3.65,9.21,2.72,0.1,17.7,3.1,0.82,0.14,14.64,9.43,188,0.33,"E2014_0110",290.0495404,"n","offshore","WE4",2.305297754
"9/29","offshore","E0110_3NA","E0110","9/29/14","September",125,"3NA","E140177",8.578,"sample","12:17","12:30","sunny",7.9,2.1,19.9,4.34,1.867896464,3.203201156,-2.321928095,0.2,0,3.65,9.21,2.72,0.1,17.7,3.1,0.82,0.14,14.64,9.43,188,0.33,"E2014_0110",290.0495404,"n","offshore","WE4",2.305297754
"9/29","offshore","E0110_53LTR","E0110","9/29/14","September",125,"53LTR","E140177",8.578,"sample","12:17","12:30","sunny",7.9,2.1,19.9,4.34,1.867896464,3.203201156,-2.321928095,0.2,0,3.65,9.21,2.72,0.1,17.7,3.1,0.82,0.14,14.64,9.43,188,0.33,"E2014_0110",290.0495404,"n","offshore","WE4",2.305297754
"10/6","nearshore2","E0112_100LTR","E0112","10/6/14","October",132,"100LTR","E140179",8.042,"sample","10:21","10:31","cloudy",4.7,0.9,15.3,9.88,2.641546029,3.010779839,NA,0,0.3,6.24,8.06,3.1168,12.65,53,11.1,1.56,0.21,41.97,4.89,149,11.18,"E2014_0112",163.163617,"n","nearshore","WE2",3.050864158
"10/6","nearshore2","E0112_22NA","E0112","10/6/14","October",132,"22NA","E140179",8.042,"sample","10:21","10:31","cloudy",4.7,0.9,15.3,9.88,2.641546029,3.010779839,NA,0,0.3,6.24,8.06,3.1168,12.65,53,11.1,1.56,0.21,41.97,4.89,149,11.18,"E2014_0112",163.163617,"n","nearshore","WE2",3.050864158
"10/6","nearshore2","E0112_3NA","E0112","10/6/14","October",132,"3NA","E140179",8.042,"sample","10:21","10:31","cloudy",4.7,0.9,15.3,9.88,2.641546029,3.010779839,NA,0,0.3,6.24,8.06,3.1168,12.65,53,11.1,1.56,0.21,41.97,4.89,149,11.18,"E2014_0112",163.163617,"n","nearshore","WE2",3.050864158
"10/6","nearshore2","E0112_53LTR","E0112","10/6/14","October",132,"53LTR","E140179",8.042,"sample","10:21","10:31","cloudy",4.7,0.9,15.3,9.88,2.641546029,3.010779839,NA,0,0.3,6.24,8.06,3.1168,12.65,53,11.1,1.56,0.21,41.97,4.89,149,11.18,"E2014_0112",163.163617,"n","nearshore","WE2",3.050864158
"10/6","nearshore2","E0112_CNA","E0112","10/6/14","October",132,"CNA","E140179",8.042,"sample","10:21","10:31","cloudy",4.7,0.9,15.3,9.88,2.641546029,3.010779839,NA,0,0.3,6.24,8.06,3.1168,12.65,53,11.1,1.56,0.21,41.97,4.89,149,11.18,"E2014_0112",163.163617,"n","nearshore","WE2",3.050864158
"10/6","nearshore1","E0114_100LTR","E0114","10/6/14","October",132,"100LTR","E140181",7.977,"sample","11:22","11:34","cloudy",5.9,0.6,15.5,11.5,-1,1.989139007,NA,0,0.2,0.5,3.97,3.04825,12.57,39.4,9.3,0.71,0.12,30.12,4.02,169.5,36.39,"E2014_0114",183.076992,"n","nearshore","WE12",3.318569845
"10/6","nearshore1","E0114_22NA","E0114","10/6/14","October",132,"22NA","E140181",7.977,"sample","11:22","11:34","cloudy",5.9,0.6,15.5,11.5,-1,1.989139007,NA,0,0.2,0.5,3.97,3.04825,12.57,39.4,9.3,0.71,0.12,30.12,4.02,169.5,36.39,"E2014_0114",183.076992,"n","nearshore","WE12",3.318569845
"10/6","nearshore1","E0114_3NA","E0114","10/6/14","October",132,"3NA","E140181",7.977,"sample","11:22","11:34","cloudy",5.9,0.6,15.5,11.5,-1,1.989139007,NA,0,0.2,0.5,3.97,3.04825,12.57,39.4,9.3,0.71,0.12,30.12,4.02,169.5,36.39,"E2014_0114",183.076992,"n","nearshore","WE12",3.318569845
"10/6","nearshore1","E0114_53LTR","E0114","10/6/14","October",132,"53LTR","E140181",7.977,"sample","11:22","11:34","cloudy",5.9,0.6,15.5,11.5,-1,1.989139007,NA,0,0.2,0.5,3.97,3.04825,12.57,39.4,9.3,0.71,0.12,30.12,4.02,169.5,36.39,"E2014_0114",183.076992,"n","nearshore","WE12",3.318569845
"10/6","nearshore1","E0114_CNA","E0114","10/6/14","October",132,"CNA","E140181",7.977,"sample","11:22","11:34","cloudy",5.9,0.6,15.5,11.5,-1,1.989139007,NA,0,0.2,0.5,3.97,3.04825,12.57,39.4,9.3,0.71,0.12,30.12,4.02,169.5,36.39,"E2014_0114",183.076992,"n","nearshore","WE12",3.318569845
"10/6","offshore","E0116_100LTR","E0116","10/6/14","October",132,"100LTR","E140183",7.987,"sample","12:37","12:48","cloudy",7.9,1.5,15.4,4.87,-1.473931188,0.23878686,-3.321928095,0.1,0,0.36,1.18,2.1325,6.84,20.7,4.8,0.4,0.06,15.95,3.65,191.5,23.01,"E2014_0116",182.2009117,"n","offshore","WE4",1.343799997
"10/6","offshore","E0116_22NA","E0116","10/6/14","October",132,"22NA","E140183",7.987,"sample","12:37","12:48","cloudy",7.9,1.5,15.4,4.87,-1.473931188,0.23878686,-3.321928095,0.1,0,0.36,1.18,2.1325,6.84,20.7,4.8,0.4,0.06,15.95,3.65,191.5,23.01,"E2014_0116",182.2009117,"n","offshore","WE4",1.343799997
"10/6","offshore","E0116_3NA","E0116","10/6/14","October",132,"3NA","E140183",7.987,"sample","12:37","12:48","cloudy",7.9,1.5,15.4,4.87,-1.473931188,0.23878686,-3.321928095,0.1,0,0.36,1.18,2.1325,6.84,20.7,4.8,0.4,0.06,15.95,3.65,191.5,23.01,"E2014_0116",182.2009117,"n","offshore","WE4",1.343799997
"10/6","offshore","E0116_53LTR","E0116","10/6/14","October",132,"53LTR","E140183",7.987,"sample","12:37","12:48","cloudy",7.9,1.5,15.4,4.87,-1.473931188,0.23878686,-3.321928095,0.1,0,0.36,1.18,2.1325,6.84,20.7,4.8,0.4,0.06,15.95,3.65,191.5,23.01,"E2014_0116",182.2009117,"n","offshore","WE4",1.343799997
"10/6","offshore","E0116_CNA","E0116","10/6/14","October",132,"CNA","E140183",7.987,"sample","12:37","12:48","cloudy",7.9,1.5,15.4,4.87,-1.473931188,0.23878686,-3.321928095,0.1,0,0.36,1.18,2.1325,6.84,20.7,4.8,0.4,0.06,15.95,3.65,191.5,23.01,"E2014_0116",182.2009117,"n","offshore","WE4",1.343799997
"10/15","nearshore2","E0118_100LTR","E0118","10/15/14","October",141,"100LTR","E140200",8.116,"sample","10:09","10:20","cloudy",5,0.7,14.2,10.3,-0.089267338,2.776103988,-1.152003093,0.45,0.3,0.94,6.85,3.994,10.19,48.8,17.2,1.1,0.14,31.53,4.53,153.5,9.31,"E2014_0118",154.2188826,"n","nearshore","WE2",4.021027382
"10/15","nearshore2","E0118_22NA","E0118","10/15/14","October",141,"22NA","E140200",8.116,"sample","10:09","10:20","cloudy",5,0.7,14.2,10.3,-0.089267338,2.776103988,-1.152003093,0.45,0.3,0.94,6.85,3.994,10.19,48.8,17.2,1.1,0.14,31.53,4.53,153.5,9.31,"E2014_0118",154.2188826,"n","nearshore","WE2",4.021027382
"10/15","nearshore2","E0118_3NA","E0118","10/15/14","October",141,"3NA","E140200",8.116,"sample","10:09","10:20","cloudy",5,0.7,14.2,10.3,-0.089267338,2.776103988,-1.152003093,0.45,0.3,0.94,6.85,3.994,10.19,48.8,17.2,1.1,0.14,31.53,4.53,153.5,9.31,"E2014_0118",154.2188826,"n","nearshore","WE2",4.021027382
"10/15","nearshore2","E0118_53LTR","E0118","10/15/14","October",141,"53LTR","E140200",8.116,"sample","10:09","10:20","cloudy",5,0.7,14.2,10.3,-0.089267338,2.776103988,-1.152003093,0.45,0.3,0.94,6.85,3.994,10.19,48.8,17.2,1.1,0.14,31.53,4.53,153.5,9.31,"E2014_0118",154.2188826,"n","nearshore","WE2",4.021027382
"10/15","nearshore2","E0118_CNA","E0118","10/15/14","October",141,"CNA","E140200",8.116,"sample","10:09","10:20","cloudy",5,0.7,14.2,10.3,-0.089267338,2.776103988,-1.152003093,0.45,0.3,0.94,6.85,3.994,10.19,48.8,17.2,1.1,0.14,31.53,4.53,153.5,9.31,"E2014_0118",154.2188826,"n","nearshore","WE2",4.021027382
"10/15","nearshore1","E0120_100LTR","E0120","10/15/14","October",141,"100LTR","E140202",8.022,"no-amp","11:11","11:25","mostly cloudy",5.7,0.7,14.6,11.1,-1.358453971,2.039138394,-1.736965594,0.3,0.1,0.39,4.11,2.911833333,11.27,25.6,18.2,0.9,0.14,7.34,18.55,150.5,6.54,"E2014_0120",214.3144507,"n","nearshore","WE12",2.534959728
"10/15","nearshore1","E0120_22NA","E0120","10/15/14","October",141,"22NA","E140202",8.022,"sample","11:11","11:25","mostly cloudy",5.7,0.7,14.6,11.1,-1.358453971,2.039138394,-1.736965594,0.3,0.1,0.39,4.11,2.911833333,11.27,25.6,18.2,0.9,0.14,7.34,18.55,150.5,6.54,"E2014_0120",214.3144507,"n","nearshore","WE12",2.534959728
"10/15","nearshore1","E0120_3NA","E0120","10/15/14","October",141,"3NA","E140202",8.022,"sample","11:11","11:25","mostly cloudy",5.7,0.7,14.6,11.1,-1.358453971,2.039138394,-1.736965594,0.3,0.1,0.39,4.11,2.911833333,11.27,25.6,18.2,0.9,0.14,7.34,18.55,150.5,6.54,"E2014_0120",214.3144507,"n","nearshore","WE12",2.534959728
"10/15","nearshore1","E0120_53LTR","E0120","10/15/14","October",141,"53LTR","E140202",8.022,"sample","11:11","11:25","mostly cloudy",5.7,0.7,14.6,11.1,-1.358453971,2.039138394,-1.736965594,0.3,0.1,0.39,4.11,2.911833333,11.27,25.6,18.2,0.9,0.14,7.34,18.55,150.5,6.54,"E2014_0120",214.3144507,"n","nearshore","WE12",2.534959728
"10/15","nearshore1","E0120_CNA","E0120","10/15/14","October",141,"CNA","E140202",8.022,"sample","11:11","11:25","mostly cloudy",5.7,0.7,14.6,11.1,-1.358453971,2.039138394,-1.736965594,0.3,0.1,0.39,4.11,2.911833333,11.27,25.6,18.2,0.9,0.14,7.34,18.55,150.5,6.54,"E2014_0120",214.3144507,"n","nearshore","WE12",2.534959728
"10/15","offshore","E0122_100LTR","E0122","10/15/14","October",141,"100LTR","E140204",8.093,"sample","12:13","12:25","mostly sunny",8,1.5,14.6,5.16,1.438292852,2.053111336,-0.888968688,0.54,0.2,2.71,4.15,4.252,13.02,40.1,21,0.6,0.1,19.05,5.37,163,24.25,"E2014_0122",211.6492848,"n","offshore","WE4",3.593239116
"10/15","offshore","E0122_22NA","E0122","10/15/14","October",141,"22NA","E140204",8.093,"sample","12:13","12:25","mostly sunny",8,1.5,14.6,5.16,1.438292852,2.053111336,-0.888968688,0.54,0.2,2.71,4.15,4.252,13.02,40.1,21,0.6,0.1,19.05,5.37,163,24.25,"E2014_0122",211.6492848,"n","offshore","WE4",3.593239116
"10/15","offshore","E0122_3NA","E0122","10/15/14","October",141,"3NA","E140204",8.093,"sample","12:13","12:25","mostly sunny",8,1.5,14.6,5.16,1.438292852,2.053111336,-0.888968688,0.54,0.2,2.71,4.15,4.252,13.02,40.1,21,0.6,0.1,19.05,5.37,163,24.25,"E2014_0122",211.6492848,"n","offshore","WE4",3.593239116
"10/15","offshore","E0122_53LTR","E0122","10/15/14","October",141,"53LTR","E140204",8.093,"sample","12:13","12:25","mostly sunny",8,1.5,14.6,5.16,1.438292852,2.053111336,-0.888968688,0.54,0.2,2.71,4.15,4.252,13.02,40.1,21,0.6,0.1,19.05,5.37,163,24.25,"E2014_0122",211.6492848,"n","offshore","WE4",3.593239116
"10/15","offshore","E0122_CNA","E0122","10/15/14","October",141,"CNA","E140204",8.093,"sample","12:13","12:25","mostly sunny",8,1.5,14.6,5.16,1.438292852,2.053111336,-0.888968688,0.54,0.2,2.71,4.15,4.252,13.02,40.1,21,0.6,0.1,19.05,5.37,163,24.25,"E2014_0122",211.6492848,"n","offshore","WE4",3.593239116
"10/20","nearshore2","E0124_100LTR","E0124","10/20/14","October",146,"100LTR","E140206",8.042,"sample","10:11","10:23","cloudy/rainy",4.8,1,12.5,6.58,1.084064265,2.853995647,NA,0,0.46,2.12,7.23,3.66625,9.16,44.3,16,0.77,0.13,28.34,4.48,161.5,6.57,"E2014_0124",156.6879621,"n","nearshore","WE2",4.339495115
"10/20","nearshore2","E0124_22NA","E0124","10/20/14","October",146,"22NA","E140206",8.042,"sample","10:11","10:23","cloudy/rainy",4.8,1,12.5,6.58,1.084064265,2.853995647,NA,0,0.46,2.12,7.23,3.66625,9.16,44.3,16,0.77,0.13,28.34,4.48,161.5,6.57,"E2014_0124",156.6879621,"n","nearshore","WE2",4.339495115
"10/20","nearshore2","E0124_3NA","E0124","10/20/14","October",146,"3NA","E140206",8.042,"sample","10:11","10:23","cloudy/rainy",4.8,1,12.5,6.58,1.084064265,2.853995647,NA,0,0.46,2.12,7.23,3.66625,9.16,44.3,16,0.77,0.13,28.34,4.48,161.5,6.57,"E2014_0124",156.6879621,"n","nearshore","WE2",4.339495115
"10/20","nearshore2","E0124_53LTR","E0124","10/20/14","October",146,"53LTR","E140206",8.042,"sample","10:11","10:23","cloudy/rainy",4.8,1,12.5,6.58,1.084064265,2.853995647,NA,0,0.46,2.12,7.23,3.66625,9.16,44.3,16,0.77,0.13,28.34,4.48,161.5,6.57,"E2014_0124",156.6879621,"n","nearshore","WE2",4.339495115
"10/20","nearshore2","E0124_CNA","E0124","10/20/14","October",146,"CNA","E140206",8.042,"sample","10:11","10:23","cloudy/rainy",4.8,1,12.5,6.58,1.084064265,2.853995647,NA,0,0.46,2.12,7.23,3.66625,9.16,44.3,16,0.77,0.13,28.34,4.48,161.5,6.57,"E2014_0124",156.6879621,"n","nearshore","WE2",4.339495115
"10/20","nearshore1","E0126_100LTR","E0126","10/20/14","October",146,"100LTR","E140208",7.983,"sample","11:14","11:24","partly cloudy",5.6,0.7,13,9.13,-0.888968688,2.321928095,NA,0,0.38,0.54,5,3.20475,13.27,45.2,20.7,0.5,0.11,24.49,4.46,156.5,5.18,"E2014_0126",178.0787383,"n","nearshore","WE12",3.248366563
"10/20","nearshore1","E0126_22NA","E0126","10/20/14","October",146,"22NA","E140208",7.983,"sample","11:14","11:24","partly cloudy",5.6,0.7,13,9.13,-0.888968688,2.321928095,NA,0,0.38,0.54,5,3.20475,13.27,45.2,20.7,0.5,0.11,24.49,4.46,156.5,5.18,"E2014_0126",178.0787383,"n","nearshore","WE12",3.248366563
"10/20","nearshore1","E0126_53LTR","E0126","10/20/14","October",146,"53LTR","E140208",7.983,"sample","11:14","11:24","partly cloudy",5.6,0.7,13,9.13,-0.888968688,2.321928095,NA,0,0.38,0.54,5,3.20475,13.27,45.2,20.7,0.5,0.11,24.49,4.46,156.5,5.18,"E2014_0126",178.0787383,"n","nearshore","WE12",3.248366563
"10/20","nearshore1","E0126_CNA","E0126","10/20/14","October",146,"CNA","E140208",7.983,"sample","11:14","11:24","partly cloudy",5.6,0.7,13,9.13,-0.888968688,2.321928095,NA,0,0.38,0.54,5,3.20475,13.27,45.2,20.7,0.5,0.11,24.49,4.46,156.5,5.18,"E2014_0126",178.0787383,"n","nearshore","WE12",3.248366563
"10/20","offshore","E0128_100LTR","E0128","10/20/14","October",146,"100LTR","E140210/218",7.979,"sample","12:11","12:23","cloudy",7.7,1.7,13.1,2.83,-2.120294234,0.475084883,NA,0,0.15,0.23,1.39,1.9765,0.29,11.9,2.6,0.23,0.04,9.33,4.47,197,7.66,"E2014_0128",188.689771,"n","offshore","WE4",1.353113304
"10/20","offshore","E0128_22NA","E0128","10/20/14","October",146,"22NA","E140210/218",7.979,"sample","12:11","12:23","cloudy",7.7,1.7,13.1,2.83,-2.120294234,0.475084883,NA,0,0.15,0.23,1.39,1.9765,0.29,11.9,2.6,0.23,0.04,9.33,4.47,197,7.66,"E2014_0128",188.689771,"n","offshore","WE4",1.353113304
"10/20","offshore","E0128_3NA","E0128","10/20/14","October",146,"3NA","E140210/218",7.979,"sample","12:11","12:23","cloudy",7.7,1.7,13.1,2.83,-2.120294234,0.475084883,NA,0,0.15,0.23,1.39,1.9765,0.29,11.9,2.6,0.23,0.04,9.33,4.47,197,7.66,"E2014_0128",188.689771,"n","offshore","WE4",1.353113304
"10/20","offshore","E0128_CNA","E0128","10/20/14","October",146,"CNA","E140210/218",7.979,"sample","12:11","12:23","cloudy",7.7,1.7,13.1,2.83,-2.120294234,0.475084883,NA,0,0.15,0.23,1.39,1.9765,0.29,11.9,2.6,0.23,0.04,9.33,4.47,197,7.66,"E2014_0128",188.689771,"n","offshore","WE4",1.353113304
"10/27","nearshore2","E0130_100LTR","E0130","10/27/14","October",153,"100LTR","E140212",NA,"sample","10:15","10:30","cloudy",5,1.7,12.1,5.99,-3.058893689,1.704871964,NA,0,0.28,0.12,3.26,3.2435,8.52,38.9,18.6,0.49,0.06,20.37,3.14,162.5,3.72,"E2014_0130",131.0076975,"n","nearshore","WE2",3.962923643
"10/27","nearshore2","E0130_22NA","E0130","10/27/14","October",153,"22NA","E140212",NA,"sample","10:15","10:30","cloudy",5,1.7,12.1,5.99,-3.058893689,1.704871964,NA,0,0.28,0.12,3.26,3.2435,8.52,38.9,18.6,0.49,0.06,20.37,3.14,162.5,3.72,"E2014_0130",131.0076975,"n","nearshore","WE2",3.962923643
"10/27","nearshore2","E0130_3NA","E0130","10/27/14","October",153,"3NA","E140212",NA,"sample","10:15","10:30","cloudy",5,1.7,12.1,5.99,-3.058893689,1.704871964,NA,0,0.28,0.12,3.26,3.2435,8.52,38.9,18.6,0.49,0.06,20.37,3.14,162.5,3.72,"E2014_0130",131.0076975,"n","nearshore","WE2",3.962923643
"10/27","nearshore2","E0130_53LTR","E0130","10/27/14","October",153,"53LTR","E140212",NA,"sample","10:15","10:30","cloudy",5,1.7,12.1,5.99,-3.058893689,1.704871964,NA,0,0.28,0.12,3.26,3.2435,8.52,38.9,18.6,0.49,0.06,20.37,3.14,162.5,3.72,"E2014_0130",131.0076975,"n","nearshore","WE2",3.962923643
"10/27","nearshore2","E0130_CNA","E0130","10/27/14","October",153,"CNA","E140212",NA,"sample","10:15","10:30","cloudy",5,1.7,12.1,5.99,-3.058893689,1.704871964,NA,0,0.28,0.12,3.26,3.2435,8.52,38.9,18.6,0.49,0.06,20.37,3.14,162.5,3.72,"E2014_0130",131.0076975,"n","nearshore","WE2",3.962923643
"10/27","nearshore1","E0132_100LTR","E0132","10/27/14","October",153,"100LTR","E140214",NA,"sample","11:30","11:42","cloudy",6,0.9,12.2,6.17,-2.556393349,2.295723025,NA,0,0.19,0.17,4.91,3.0794,6.56,31.3,15.3,0.5,0.07,16,4.45,161.5,0.1,"E2014_0132",231.1136556,"n","nearshore","WE12",3.061299909
"10/27","nearshore1","E0132_22NA","E0132","10/27/14","October",153,"22NA","E140214",NA,"sample","11:30","11:42","cloudy",6,0.9,12.2,6.17,-2.556393349,2.295723025,NA,0,0.19,0.17,4.91,3.0794,6.56,31.3,15.3,0.5,0.07,16,4.45,161.5,0.1,"E2014_0132",231.1136556,"n","nearshore","WE12",3.061299909
"10/27","nearshore1","E0132_3NA","E0132","10/27/14","October",153,"3NA","E140214",NA,"sample","11:30","11:42","cloudy",6,0.9,12.2,6.17,-2.556393349,2.295723025,NA,0,0.19,0.17,4.91,3.0794,6.56,31.3,15.3,0.5,0.07,16,4.45,161.5,0.1,"E2014_0132",231.1136556,"n","nearshore","WE12",3.061299909
"10/27","nearshore1","E0132_53LTR","E0132","10/27/14","October",153,"53LTR","E140214",NA,"sample","11:30","11:42","cloudy",6,0.9,12.2,6.17,-2.556393349,2.295723025,NA,0,0.19,0.17,4.91,3.0794,6.56,31.3,15.3,0.5,0.07,16,4.45,161.5,0.1,"E2014_0132",231.1136556,"n","nearshore","WE12",3.061299909
"10/27","nearshore1","E0132_CNA","E0132","10/27/14","October",153,"CNA","E140214",NA,"sample","11:30","11:42","cloudy",6,0.9,12.2,6.17,-2.556393349,2.295723025,NA,0,0.19,0.17,4.91,3.0794,6.56,31.3,15.3,0.5,0.07,16,4.45,161.5,0.1,"E2014_0132",231.1136556,"n","nearshore","WE12",3.061299909
"10/27","offshore","E0134_100LTR","E0134","10/27/14","October",153,"100LTR","E140216",NA,"sample","12:43","12:57","partly sunny",8.1,3.5,12.2,0.76,NA,0.189033824,NA,0,0,0,1.14,2.16,3.05,11.9,7.7,0.14,0.01,4.14,3.58,199,58.2,"E2014_0134",272.035205,"n","offshore","WE4",1.534045825
"10/27","offshore","E0134_22NA","E0134","10/27/14","October",153,"22NA","E140216",NA,"sample","12:43","12:57","partly sunny",8.1,3.5,12.2,0.76,NA,0.189033824,NA,0,0,0,1.14,2.16,3.05,11.9,7.7,0.14,0.01,4.14,3.58,199,58.2,"E2014_0134",272.035205,"n","offshore","WE4",1.534045825
"10/27","offshore","E0134_3NA","E0134","10/27/14","October",153,"3NA","E140216",NA,"sample","12:43","12:57","partly sunny",8.1,3.5,12.2,0.76,NA,0.189033824,NA,0,0,0,1.14,2.16,3.05,11.9,7.7,0.14,0.01,4.14,3.58,199,58.2,"E2014_0134",272.035205,"n","offshore","WE4",1.534045825
"10/27","offshore","E0134_CNA","E0134","10/27/14","October",153,"CNA","E140216",NA,"sample","12:43","12:57","partly sunny",8.1,3.5,12.2,0.76,NA,0.189033824,NA,0,0,0,1.14,2.16,3.05,11.9,7.7,0.14,0.01,4.14,3.58,199,58.2,"E2014_0134",272.035205,"n","offshore","WE4",1.534045825
"11/3","nearshore2","E0136_100LTR","E0136","11/3/14","November",160,"100LTR","E140219",NA,"sample","10:56","11:18","sunny",4.6,0.2,8.9,36.2,-4.058893689,1.570462931,NA,0,0.14,NA,2.97,2.961166667,15.6,95.9,23.5,1.28,0.12,72.37,1.66,197.5,69.57,"E2014_0136",522.8830441,"n","nearshore","WE2",NA
"11/3","nearshore2","E0136_22NA","E0136","11/3/14","November",160,"22NA","E140219",NA,"sample","10:56","11:18","sunny",4.6,0.2,8.9,36.2,-4.058893689,1.570462931,NA,0,0.14,NA,2.97,2.961166667,15.6,95.9,23.5,1.28,0.12,72.37,1.66,197.5,69.57,"E2014_0136",522.8830441,"n","nearshore","WE2",NA
"11/3","nearshore2","E0136_3NA","E0136","11/3/14","November",160,"3NA","E140219",NA,"sample","10:56","11:18","sunny",4.6,0.2,8.9,36.2,-4.058893689,1.570462931,NA,0,0.14,NA,2.97,2.961166667,15.6,95.9,23.5,1.28,0.12,72.37,1.66,197.5,69.57,"E2014_0136",522.8830441,"n","nearshore","WE2",NA
"11/3","nearshore2","E0136_CNA","E0136","11/3/14","November",160,"CNA","E140219",NA,"sample","10:56","11:18","sunny",4.6,0.2,8.9,36.2,-4.058893689,1.570462931,NA,0,0.14,NA,2.97,2.961166667,15.6,95.9,23.5,1.28,0.12,72.37,1.66,197.5,69.57,"E2014_0136",522.8830441,"n","nearshore","WE2",NA
"11/3","nearshore1","E0138_100LTR","E0138","11/3/14","November",160,"100LTR","E140221",NA,"sample","12:15","12:40","sunny",5.7,0.2,9.2,105,-2.395928676,2.87774425,NA,0,0.16,NA,7.35,3.0265,13.96,216.9,22.2,3.94,0.63,194.72,3.22,183.5,11.73,"E2014_0138",413.4252926,"n","nearshore","WE12",NA
"11/3","nearshore1","E0138_22NA","E0138","11/3/14","November",160,"22NA","E140221",NA,"sample","12:15","12:40","sunny",5.7,0.2,9.2,105,-2.395928676,2.87774425,NA,0,0.16,NA,7.35,3.0265,13.96,216.9,22.2,3.94,0.63,194.72,3.22,183.5,11.73,"E2014_0138",413.4252926,"n","nearshore","WE12",NA
"11/3","nearshore1","E0138_3NA","E0138","11/3/14","November",160,"3NA","E140221",NA,"sample","12:15","12:40","sunny",5.7,0.2,9.2,105,-2.395928676,2.87774425,NA,0,0.16,NA,7.35,3.0265,13.96,216.9,22.2,3.94,0.63,194.72,3.22,183.5,11.73,"E2014_0138",413.4252926,"n","nearshore","WE12",NA
"11/3","nearshore1","E0138_53LTR","E0138","11/3/14","November",160,"53LTR","E140221",NA,"sample","12:15","12:40","sunny",5.7,0.2,9.2,105,-2.395928676,2.87774425,NA,0,0.16,NA,7.35,3.0265,13.96,216.9,22.2,3.94,0.63,194.72,3.22,183.5,11.73,"E2014_0138",413.4252926,"n","nearshore","WE12",NA
"11/3","nearshore1","E0138_CNA","E0138","11/3/14","November",160,"CNA","E140221",NA,"sample","12:15","12:40","sunny",5.7,0.2,9.2,105,-2.395928676,2.87774425,NA,0,0.16,NA,7.35,3.0265,13.96,216.9,22.2,3.94,0.63,194.72,3.22,183.5,11.73,"E2014_0138",413.4252926,"n","nearshore","WE12",NA
